model_spec,n_models,n_items,target_corr,true_effect,rho_model,slope_sd_dgp,rep,seed,generator_realized_corr,generator_gamma_x,generator_near_separation,generator_p_min,generator_p_max,generator_rho_model_realized,converged,singular,warnings,estimate,se,p_value,ci_low,ci_high,rejected_at_05,bias,ci_covers_truth,model_intercept_sd,model_slope_sd,model_intercept_slope_corr,item_intercept_sd,model_cov_min_eigenvalue,theta,theta_lower,singular_component,fit_error
M1,8,100,0.6,0.1,0.3,0.02,1,92625000,0.6014198187760317,1.7468542329316479,False,0.11473313866652694,0.8736306236602577,-0.05909670967612675,True,True,boundary (singular) fit: see help('isSingular'),0.1625,0.1938,0.4017,-0.2173,0.5423,False,0.0625,True,0.0058,0.1419,-1,0.0,2.2108e-10,"[0, 0.0058, -0.1419, 0.0004]","[0, 0, ""-Inf"", 0]",model_corr_boundary,
M2,8,100,0.6,0.1,0.3,0.02,1,92625000,0.6014198187760317,1.7468542329316479,False,0.11473313866652694,0.8736306236602577,-0.05909670967612675,True,True,boundary (singular) fit: see help('isSingular'),0.1629,0.1932,0.3992,-0.2158,0.5416,False,0.0629,True,0.0,NA,NA,0.0,0.0,"[0, 0, 0.1358]","[0, 0, 0]",model_intercept_sd_zero,
M1,8,100,0.6,0.1,0.3,0.02,2,92625001,0.6024130523763804,2.1208762185346717,True,0.04633488058255648,0.8934074527412483,0.7590985845248794,True,True,boundary (singular) fit: see help('isSingular'),0.3382,0.189,0.0735,-0.0322,0.7086,False,0.2382,True,0.0,3.5915e-09,NaN,0.2494,0.0,"[0.2494, 0, -3.5915e-09, 0]","[0, 0, ""-Inf"", 0]",model_slope_sd_zero,
M2,8,100,0.6,0.1,0.3,0.02,2,92625001,0.6024130523763804,2.1208762185346717,True,0.04633488058255648,0.8934074527412483,0.7590985845248794,True,True,boundary (singular) fit: see help('isSingular'),0.3382,0.189,0.0735,-0.0322,0.7086,False,0.2382,True,0.0,NA,NA,0.2494,0.0,"[0.2494, 0, 0]","[0, 0, 0]",model_intercept_sd_zero,
M1,8,100,0.6,0.1,0.3,0.02,3,92625002,0.5872275339752678,2.7891448589899217,True,0.03804450673147189,0.8575284433804428,0.8519176193588675,True,True,boundary (singular) fit: see help('isSingular'),0.2889,0.1828,0.1139,-0.0693,0.6471,False,0.1889,True,0.0,1.0941e-07,NaN,1.8401e-07,0.0,"[1.8401e-07, 0, -1.0941e-07, 0]","[0, 0, ""-Inf"", 0]",model_slope_sd_zero,
M2,8,100,0.6,0.1,0.3,0.02,3,92625002,0.5872275339752678,2.7891448589899217,True,0.03804450673147189,0.8575284433804428,0.8519176193588675,True,True,boundary (singular) fit: see help('isSingular'),0.2889,0.1828,0.1139,-0.0693,0.6471,False,0.1889,True,0.0,NA,NA,0.0,0.0,"[0, 0, 0]","[0, 0, 0]",model_intercept_sd_zero,
M1,8,100,0.6,0.1,0.3,0.02,4,92625003,0.6404282829415796,2.3770354188604412,True,0.03835114833167122,0.8887185892190343,-0.07145508670701482,True,True,boundary (singular) fit: see help('isSingular'),-0.0099,0.2426,0.9673,-0.4854,0.4655,False,-0.1099,True,0.314,0.3513,-1,0.1507,-6.9389e-18,"[0.1507, 0.314, -0.3513, 0]","[0, 0, ""-Inf"", 0]",model_corr_boundary,
M2,8,100,0.6,0.1,0.3,0.02,4,92625003,0.6404282829415796,2.3770354188604412,True,0.03835114833167122,0.8887185892190343,-0.07145508670701482,True,True,boundary (singular) fit: see help('isSingular'),0.0974,0.194,0.6156,-0.2828,0.4776,False,-0.0026,True,8.0991e-08,NA,NA,0.1461,6.5595e-15,"[0.1461, 8.0991e-08, 0]","[0, 0, 0]",model_intercept_sd_zero,
M1,8,100,0.6,0.1,0.3,0.02,5,92625004,0.6006020688659446,1.4357017651750887,False,0.08752903696029699,0.8371222221202737,-0.34855166995002823,True,True,boundary (singular) fit: see help('isSingular'),0.2947,0.1967,0.1341,-0.0909,0.6803,False,0.1947,True,0.0,0.1936,NaN,0.1468,0.0,"[0.1468, 0, -0.1926, 0.0199]","[0, 0, ""-Inf"", 0]",model_intercept_sd_zero,
M2,8,100,0.6,0.1,0.3,0.02,5,92625004,0.6006020688659446,1.4357017651750887,False,0.08752903696029699,0.8371222221202737,-0.34855166995002823,True,True,boundary (singular) fit: see help('isSingular'),0.2947,0.1967,0.1341,-0.0909,0.6803,False,0.1947,True,0.0,NA,NA,0.1468,0.0,"[0.1468, 0, 0.1936]","[0, 0, 0]",model_intercept_sd_zero,
M1,8,100,0.6,0.1,0.3,0.02,6,92625005,0.6092021307554406,2.0784674591598953,False,0.11855962460277804,0.9262423947878842,0.9022677217777334,True,True,boundary (singular) fit: see help('isSingular'),0.2889,0.1892,0.1267,-0.0819,0.6597,False,0.1889,True,0.1023,0.0986,-1,0.0,0.0,"[0, 0.1023, -0.0986, 0]","[0, 0, ""-Inf"", 0]",model_corr_boundary,
M2,8,100,0.6,0.1,0.3,0.02,6,92625005,0.6092021307554406,2.0784674591598953,False,0.11855962460277804,0.9262423947878842,0.9022677217777334,True,True,boundary (singular) fit: see help('isSingular'),0.2898,0.1857,0.1187,-0.0742,0.6538,False,0.1898,True,0.0,NA,NA,0.0,0.0,"[0, 0, 0]","[0, 0, 0]",model_intercept_sd_zero,
M1,8,100,0.6,0.1,0.3,0.02,7,92625006,0.6283685521575885,2.2790163787170736,False,0.11073426825913824,0.9253280714869649,0.15281645661451643,True,True,boundary (singular) fit: see help('isSingular'),0.3263,0.1892,0.0846,-0.0445,0.6971,False,0.2263,True,0.0588,0.064,1,0.0,4.3368e-19,"[0, 0.0588, 0.064, 0]","[0, 0, ""-Inf"", 0]",model_corr_boundary,
M2,8,100,0.6,0.1,0.3,0.02,7,92625006,0.6283685521575885,2.2790163787170736,False,0.11073426825913824,0.9253280714869649,0.15281645661451643,True,True,boundary (singular) fit: see help('isSingular'),0.3225,0.1876,0.0857,-0.0453,0.6902,False,0.2225,True,0.0658,NA,NA,0.0,0.0043,"[0, 0.0658, 0]","[0, 0, 0]",item_intercept_sd_zero,
M1,8,100,0.6,0.1,0.3,0.02,8,92625007,0.6212113714514804,2.7428322327381096,True,0.06665440249623576,0.971456828946116,0.24471132808240206,True,True,boundary (singular) fit: see help('isSingular'),0.2128,0.1886,0.2594,-0.157,0.5825,False,0.1128,True,0.0,1.1209e-07,NaN,0.1283,0.0,"[0.1283, 0, -1.1209e-07, 0]","[0, 0, ""-Inf"", 0]",model_slope_sd_zero,
M2,8,100,0.6,0.1,0.3,0.02,8,92625007,0.6212113714514804,2.7428322327381096,True,0.06665440249623576,0.971456828946116,0.24471132808240206,True,True,boundary (singular) fit: see help('isSingular'),0.2128,0.1886,0.2594,-0.157,0.5825,False,0.1128,True,0.0,NA,NA,0.1283,0.0,"[0.1283, 0, 0]","[0, 0, 0]",model_intercept_sd_zero,
M1,8,100,0.6,0.1,0.3,0.02,9,92625008,0.6186559121673944,4.574082133883875,True,0.026717153020272732,0.9793642905730645,0.2730044798729986,True,True,boundary (singular) fit: see help('isSingular'),0.0336,0.1978,0.8652,-0.3542,0.4213,False,-0.0664,True,0.1118,0.154,-1,0.0,0.0,"[0, 0.1118, -0.154, 0]","[0, 0, ""-Inf"", 0]",model_corr_boundary,
M2,8,100,0.6,0.1,0.3,0.02,9,92625008,0.6186559121673944,4.574082133883875,True,0.026717153020272732,0.9793642905730645,0.2730044798729986,True,True,boundary (singular) fit: see help('isSingular'),0.0223,0.1866,0.9047,-0.3434,0.388,False,-0.0777,True,0.0,NA,NA,0.0,0.0,"[0, 0, 0]","[0, 0, 0]",model_intercept_sd_zero,
M1,8,100,0.6,0.1,0.3,0.02,10,92625009,0.5523324356987435,1.7203158118936672,False,0.05117860271220577,0.8768321335939832,0.272405930015777,True,True,boundary (singular) fit: see help('isSingular'),0.2435,0.2291,0.2879,-0.2055,0.6924,False,0.1435,True,0.0404,0.3851,-1,0.0,2.1684e-19,"[0, 0.0404, -0.3851, 0]","[0, 0, ""-Inf"", 0]",model_corr_boundary,
M2,8,100,0.6,0.1,0.3,0.02,10,92625009,0.5523324356987435,1.7203158118936672,False,0.05117860271220577,0.8768321335939832,0.272405930015777,True,True,boundary (singular) fit: see help('isSingular'),0.2326,0.2186,0.2873,-0.1958,0.661,False,0.1326,True,0.0,NA,NA,0.0,0.0,"[0, 0, 0.3399]","[0, 0, 0]",model_intercept_sd_zero,
M1,8,100,0.6,0.1,0.3,0.02,11,92625010,0.5844715241038722,2.9469848895307553,False,0.07901423464612613,0.9067178587216891,0.8517875271130623,True,True,boundary (singular) fit: see help('isSingular'),0.0963,0.1837,0.6002,-0.2637,0.4563,False,-0.0037,True,0.0013,0.0986,1,0.0,1.8893e-11,"[0, 0.0013, 0.0986, 0.0003]","[0, 0, ""-Inf"", 0]",model_corr_boundary,
M2,8,100,0.6,0.1,0.3,0.02,11,92625010,0.5844715241038722,2.9469848895307553,False,0.07901423464612613,0.9067178587216891,0.8517875271130623,True,True,boundary (singular) fit: see help('isSingular'),0.0963,0.1838,0.6005,-0.264,0.4565,False,-0.0037,True,6.357e-08,NA,NA,0.0,4.0412e-15,"[0, 6.357e-08, 0.1]","[0, 0, 0]",model_intercept_sd_zero,
M1,8,100,0.6,0.1,0.3,0.02,12,92625011,0.616780177996064,1.378759364769124,False,0.17113520373165295,0.8612822581218151,0.37496994983068105,True,True,boundary (singular) fit: see help('isSingular'),0.1877,0.2072,0.3649,-0.2184,0.5938,False,0.0877,True,0.0698,0.2196,-1,2.5181e-07,-8.6736e-19,"[2.5181e-07, 0.0698, -0.2196, 0]","[0, 0, ""-Inf"", 0]",model_corr_boundary,
M2,8,100,0.6,0.1,0.3,0.02,12,92625011,0.616780177996064,1.378759364769124,False,0.17113520373165295,0.8612822581218151,0.37496994983068105,True,True,boundary (singular) fit: see help('isSingular'),0.1995,0.1923,0.2995,-0.1774,0.5763,False,0.0995,True,0.0,NA,NA,0.0,0.0,"[0, 0, 0.0765]","[0, 0, 0]",model_intercept_sd_zero,
M1,8,100,0.6,0.1,0.3,0.02,13,92625012,0.5828023481127499,4.41212122336763,True,0.1455481478701396,0.9912424719973402,0.02628410580852445,True,True,boundary (singular) fit: see help('isSingular'),0.2337,0.203,0.2498,-0.1643,0.6316,False,0.1337,True,0.2798,0.2034,-1,8.8808e-08,6.4428e-15,"[8.8808e-08, 0.2798, -0.2034, 9.9244e-08]","[0, 0, ""-Inf"", 0]",model_corr_boundary,
M2,8,100,0.6,0.1,0.3,0.02,13,92625012,0.5828023481127499,4.41212122336763,True,0.1455481478701396,0.9912424719973402,0.02628410580852445,True,True,boundary (singular) fit: see help('isSingular'),0.2374,0.1892,0.2096,-0.1335,0.6083,False,0.1374,True,0.205,NA,NA,0.0,0.042,"[0, 0.205, 0]","[0, 0, 0]",item_intercept_sd_zero,
M1,8,100,0.6,0.1,0.3,0.02,14,92625013,0.5744753544467,2.3678474764476563,True,0.1370427536688647,0.9706420813281467,0.4236810562491634,True,True,boundary (singular) fit: see help('isSingular'),0.4741,0.2295,0.0389,0.0242,0.924,True,0.3741,True,0.0417,0.3756,-1,0.0,4.8448e-12,"[0, 0.0417, -0.3756, 0]","[0, 0, ""-Inf"", 0]",model_corr_boundary,
M2,8,100,0.6,0.1,0.3,0.02,14,92625013,0.5744753544467,2.3678474764476563,True,0.1370427536688647,0.9706420813281467,0.4236810562491634,True,True,boundary (singular) fit: see help('isSingular'),0.4665,0.219,0.0331,0.0373,0.8956,True,0.3665,True,0.0,NA,NA,0.0,0.0,"[0, 0, 0.3245]","[0, 0, 0]",model_intercept_sd_zero,
M1,8,100,0.6,0.1,0.3,0.02,15,92625014,0.6355638248753489,2.0983578941250967,False,0.10921228835105637,0.9296822003613125,0.08035704181427557,True,True,boundary (singular) fit: see help('isSingular'),0.2725,0.247,0.2699,-0.2116,0.7565,False,0.1725,True,0.2019,0.3999,-1,0.2181,0.0,"[0.2181, 0.2019, -0.3999, 0]","[0, 0, ""-Inf"", 0]",model_corr_boundary,
M2,8,100,0.6,0.1,0.3,0.02,15,92625014,0.6355638248753489,2.0983578941250967,False,0.10921228835105637,0.9296822003613125,0.08035704181427557,True,False,,0.3193,0.213,0.1338,-0.0981,0.7367,False,0.2193,True,0.0518,NA,NA,0.2228,0.0027,"[0.2228, 0.0518, 0.1654]","[0, 0, 0]",non_singular,
M1,8,100,0.6,0.1,0.3,0.02,16,92625015,0.573417078574965,2.3299760632387643,False,0.07047621995642858,0.8882542044611101,0.5836157235188488,True,True,boundary (singular) fit: see help('isSingular'),0.4684,0.1789,0.0088,0.1178,0.8191,True,0.3684,False,0.0,1.8376e-09,NaN,0.0,0.0,"[0, 0, -1.8376e-09, 0]","[0, 0, ""-Inf"", 0]",model_slope_sd_zero,
M2,8,100,0.6,0.1,0.3,0.02,16,92625015,0.573417078574965,2.3299760632387643,False,0.07047621995642858,0.8882542044611101,0.5836157235188488,True,True,boundary (singular) fit: see help('isSingular'),0.4684,0.1789,0.0088,0.1178,0.8191,True,0.3684,False,0.0,NA,NA,0.0,0.0,"[0, 0, 0]","[0, 0, 0]",model_intercept_sd_zero,
M1,8,100,0.6,0.1,0.3,0.02,17,92625016,0.6125800514947394,3.6624209212333154,True,0.024386024687322285,0.996579561819018,0.1630084526510852,True,True,boundary (singular) fit: see help('isSingular'),-0.0807,0.1865,0.6651,-0.4463,0.2848,False,-0.1807,True,0.0,6.5327e-08,NaN,0.1498,0.0,"[0.1498, 0, 6.5327e-08, 0]","[0, 0, ""-Inf"", 0]",model_slope_sd_zero,
M2,8,100,0.6,0.1,0.3,0.02,17,92625016,0.6125800514947394,3.6624209212333154,True,0.024386024687322285,0.996579561819018,0.1630084526510852,True,True,boundary (singular) fit: see help('isSingular'),-0.0807,0.1865,0.6651,-0.4463,0.2848,False,-0.1807,True,0.0,NA,NA,0.1498,0.0,"[0.1498, 0, 0]","[0, 0, 0]",model_intercept_sd_zero,
M1,8,100,0.6,0.1,0.3,0.02,18,92625017,0.6116114131448427,1.8454793094170197,True,0.02666832024184414,0.8182544386906765,-0.4721621432564986,True,True,boundary (singular) fit: see help('isSingular'),0.3999,0.2055,0.0517,-0.0029,0.8027,False,0.2999,True,0.0941,0.2207,-1,0.189,-8.6736e-19,"[0.189, 0.0941, -0.2207, 0]","[0, 0, ""-Inf"", 0]",model_corr_boundary,
M2,8,100,0.6,0.1,0.3,0.02,18,92625017,0.6116114131448427,1.8454793094170197,True,0.02666832024184414,0.8182544386906765,-0.4721621432564986,True,True,boundary (singular) fit: see help('isSingular'),0.3842,0.19,0.0432,0.0118,0.7566,True,0.2842,True,0.0,NA,NA,0.1883,0.0,"[0.1883, 0, 0.0831]","[0, 0, 0]",model_intercept_sd_zero,
M1,8,100,0.6,0.1,0.3,0.02,19,92625018,0.5688826658149726,1.8524969805234552,False,0.08881404711957194,0.9393189970589797,0.27128117006990077,True,True,boundary (singular) fit: see help('isSingular'),-0.332,0.2024,0.1009,-0.7286,0.0647,False,-0.432,False,0.028,0.2241,-1,0.3011,-1.0842e-19,"[0.3011, 0.028, -0.2241, 0]","[0, 0, ""-Inf"", 0]",model_corr_boundary,
M2,8,100,0.6,0.1,0.3,0.02,19,92625018,0.5688826658149726,1.8524969805234552,False,0.08881404711957194,0.9393189970589797,0.27128117006990077,True,True,boundary (singular) fit: see help('isSingular'),-0.3324,0.1983,0.0938,-0.7211,0.0563,False,-0.4324,False,0.0,NA,NA,0.3019,0.0,"[0.3019, 0, 0.1966]","[0, 0, 0]",model_intercept_sd_zero,
M1,8,100,0.6,0.1,0.3,0.02,20,92625019,0.5703995875636134,1.716711794107579,False,0.08995549777901062,0.8961064850444385,0.4439484022892618,True,True,boundary (singular) fit: see help('isSingular'),0.0625,0.1815,0.7306,-0.2932,0.4182,False,-0.0375,True,0.0,5.1223e-08,NaN,0.0,0.0,"[0, 0, 5.1223e-08, 0]","[0, 0, ""-Inf"", 0]",model_slope_sd_zero,
M2,8,100,0.6,0.1,0.3,0.02,20,92625019,0.5703995875636134,1.716711794107579,False,0.08995549777901062,0.8961064850444385,0.4439484022892618,True,True,boundary (singular) fit: see help('isSingular'),0.0625,0.1815,0.7306,-0.2932,0.4182,False,-0.0375,True,0.0,NA,NA,0.0,0.0,"[0, 0, 0]","[0, 0, 0]",model_intercept_sd_zero,
M1,8,100,0.6,0.1,0.3,0.02,21,92625020,0.5832255095878696,1.773732468843512,False,0.09052637709360428,0.8649594418701333,0.5418812586237464,True,True,boundary (singular) fit: see help('isSingular'),0.1356,0.1811,0.4539,-0.2193,0.4906,False,0.0356,True,1.6291e-06,1.0129e-06,-1,0.4082,0.0,"[0.4082, 1.6291e-06, -1.0129e-06, 0]","[0, 0, ""-Inf"", 0]",model_slope_sd_zero,
M2,8,100,0.6,0.1,0.3,0.02,21,92625020,0.5832255095878696,1.773732468843512,False,0.09052637709360428,0.8649594418701333,0.5418812586237464,True,True,boundary (singular) fit: see help('isSingular'),0.1356,0.1811,0.4539,-0.2193,0.4906,False,0.0356,True,0.0,NA,NA,0.4082,0.0,"[0.4082, 0, 0]","[0, 0, 0]",model_intercept_sd_zero,
M1,8,100,0.6,0.1,0.3,0.02,22,92625021,0.6131494415048047,3.0735537102413355,True,0.15994343811490078,0.9579043455191486,0.05022736482156894,True,True,boundary (singular) fit: see help('isSingular'),0.1768,0.19,0.3521,-0.1956,0.5493,False,0.0768,True,0.1383,0.0586,-1,0.0,-4.3368e-19,"[0, 0.1383, -0.0586, 0]","[0, 0, ""-Inf"", 0]",model_corr_boundary,
M2,8,100,0.6,0.1,0.3,0.02,22,92625021,0.6131494415048047,3.0735537102413355,True,0.15994343811490078,0.9579043455191486,0.05022736482156894,True,True,boundary (singular) fit: see help('isSingular'),0.1822,0.1891,0.3351,-0.1883,0.5528,False,0.0822,True,0.1004,NA,NA,0.0,0.0101,"[0, 0.1004, 0]","[0, 0, 0]",item_intercept_sd_zero,
M1,8,100,0.6,0.1,0.3,0.02,23,92625022,0.6055386425948328,4.199990081619527,True,0.005616317885630744,0.9894222276720294,0.5209783081696922,True,True,boundary (singular) fit: see help('isSingular'),0.0932,0.186,0.6163,-0.2714,0.4578,False,-0.0068,True,0.0,8.6249e-08,NaN,0.1145,0.0,"[0.1145, 0, -8.6249e-08, 0]","[0, 0, ""-Inf"", 0]",model_slope_sd_zero,
M2,8,100,0.6,0.1,0.3,0.02,23,92625022,0.6055386425948328,4.199990081619527,True,0.005616317885630744,0.9894222276720294,0.5209783081696922,True,True,boundary (singular) fit: see help('isSingular'),0.0932,0.186,0.6163,-0.2714,0.4578,False,-0.0068,True,0.0,NA,NA,0.1145,0.0,"[0.1145, 0, 0]","[0, 0, 0]",model_intercept_sd_zero,
M1,8,100,0.6,0.1,0.3,0.02,24,92625023,0.60805712766428,2.426749420607397,False,0.07864833679638522,0.900897161237215,0.5523767242377737,True,True,boundary (singular) fit: see help('isSingular'),-0.0079,0.1901,0.9668,-0.3805,0.3647,False,-0.1079,True,0.0,2.5549e-07,NaN,0.186,0.0,"[0.186, 0, 2.5549e-07, 0]","[0, 0, ""-Inf"", 0]",model_slope_sd_zero,
M2,8,100,0.6,0.1,0.3,0.02,24,92625023,0.60805712766428,2.426749420607397,False,0.07864833679638522,0.900897161237215,0.5523767242377737,True,True,boundary (singular) fit: see help('isSingular'),-0.0079,0.1901,0.9668,-0.3805,0.3647,False,-0.1079,True,0.0,NA,NA,0.186,0.0,"[0.186, 0, 0]","[0, 0, 0]",model_intercept_sd_zero,
M1,8,100,0.6,0.1,0.3,0.02,25,92625024,0.6650957318114762,1.9360305211514106,False,0.0823713209754727,0.8716002026518728,0.5763316628699231,True,True,boundary (singular) fit: see help('isSingular'),0.3839,0.2256,0.0889,-0.0584,0.8261,False,0.2839,True,0.1438,0.2842,-1,0.0,3.4694e-18,"[0, 0.1438, -0.2842, 0]","[0, 0, ""-Inf"", 0]",model_corr_boundary,
M2,8,100,0.6,0.1,0.3,0.02,25,92625024,0.6650957318114762,1.9360305211514106,False,0.0823713209754727,0.8716002026518728,0.5763316628699231,True,True,boundary (singular) fit: see help('isSingular'),0.3653,0.1991,0.0665,-0.0249,0.7556,False,0.2653,True,0.0,NA,NA,0.0,0.0,"[0, 0, 0.097]","[0, 0, 0]",model_intercept_sd_zero,
M1,8,100,0.6,0.1,0.3,0.02,26,92625025,0.5993015174172824,1.7051744828257727,False,0.08237541219627294,0.8574417081522161,0.4080358579384852,True,True,boundary (singular) fit: see help('isSingular'),-0.215,0.1857,0.2469,-0.5789,0.1489,False,-0.315,True,0.0,2.6617e-07,NaN,0.2101,0.0,"[0.2101, 0, 2.6617e-07, 0]","[0, 0, ""-Inf"", 0]",model_slope_sd_zero,
M2,8,100,0.6,0.1,0.3,0.02,26,92625025,0.5993015174172824,1.7051744828257727,False,0.08237541219627294,0.8574417081522161,0.4080358579384852,True,True,boundary (singular) fit: see help('isSingular'),-0.215,0.1857,0.2469,-0.5789,0.1489,False,-0.315,True,0.0,NA,NA,0.2101,0.0,"[0.2101, 0, 0]","[0, 0, 0]",model_intercept_sd_zero,
M1,8,100,0.6,0.1,0.3,0.02,27,92625026,0.6066831885173002,2.42295619137464,True,0.03559368509672863,0.9245068173334283,-0.7242745226596435,True,True,boundary (singular) fit: see help('isSingular'),0.0022,0.1852,0.9907,-0.3608,0.3652,False,-0.0978,True,0.0,4.5724e-08,NaN,0.0,0.0,"[0, 0, -4.5724e-08, 0]","[0, 0, ""-Inf"", 0]",model_slope_sd_zero,
M2,8,100,0.6,0.1,0.3,0.02,27,92625026,0.6066831885173002,2.42295619137464,True,0.03559368509672863,0.9245068173334283,-0.7242745226596435,True,True,boundary (singular) fit: see help('isSingular'),0.0022,0.1852,0.9907,-0.3608,0.3652,False,-0.0978,True,0.0,NA,NA,3.5384e-08,0.0,"[3.5384e-08, 0, 0]","[0, 0, 0]",model_intercept_sd_zero,
M1,8,100,0.6,0.1,0.3,0.02,28,92625027,0.6387531214108698,1.6518332308244439,False,0.08360962752628823,0.8700777764500642,-0.09827779470756266,True,True,boundary (singular) fit: see help('isSingular'),-0.1002,0.23,0.6631,-0.551,0.3506,False,-0.2002,True,0.0,0.3223,NaN,0.0,0.0,"[0, 0, -0.3223, 0.0012]","[0, 0, ""-Inf"", 0]",model_intercept_sd_zero,
M2,8,100,0.6,0.1,0.3,0.02,28,92625027,0.6387531214108698,1.6518332308244439,False,0.08360962752628823,0.8700777764500642,-0.09827779470756266,True,True,boundary (singular) fit: see help('isSingular'),-0.1002,0.23,0.6631,-0.551,0.3506,False,-0.2002,True,0.0,NA,NA,0.0,0.0,"[0, 0, 0.3223]","[0, 0, 0]",model_intercept_sd_zero,
M1,8,100,0.6,0.1,0.3,0.02,29,92625028,0.6140298212076234,1.9863616292567439,True,0.04657975763172607,0.9063010227153091,0.5888501032934695,True,True,boundary (singular) fit: see help('isSingular'),-0.2168,0.1953,0.2668,-0.5995,0.1659,False,-0.3168,True,0.0155,0.1266,-1,1.9828e-07,2.4414e-12,"[1.9828e-07, 0.0155, -0.1266, 0]","[0, 0, ""-Inf"", 0]",model_corr_boundary,
M2,8,100,0.6,0.1,0.3,0.02,29,92625028,0.6140298212076234,1.9863616292567439,True,0.04657975763172607,0.9063010227153091,0.5888501032934695,True,True,boundary (singular) fit: see help('isSingular'),-0.2171,0.1933,0.2615,-0.596,0.1619,False,-0.3171,True,0.0,NA,NA,0.0,0.0,"[0, 0, 0.1068]","[0, 0, 0]",model_intercept_sd_zero,
M1,8,100,0.6,0.1,0.3,0.02,30,92625029,0.5836937770552922,1.6617703626066116,False,0.16841008307762304,0.9447823482480833,0.41331525744478614,True,True,boundary (singular) fit: see help('isSingular'),0.5226,0.216,0.0155,0.0993,0.946,True,0.4226,True,0.1329,0.2837,-1,8.3649e-08,3.4694e-18,"[8.3649e-08, 0.1329, -0.2837, 0]","[0, 0, ""-Inf"", 0]",model_corr_boundary,
M2,8,100,0.6,0.1,0.3,0.02,30,92625029,0.5836937770552922,1.6617703626066116,False,0.16841008307762304,0.9447823482480833,0.41331525744478614,True,True,boundary (singular) fit: see help('isSingular'),0.5335,0.1898,0.0049,0.1616,0.9055,True,0.4335,False,0.0,NA,NA,0.0,0.0,"[0, 0, 0.0824]","[0, 0, 0]",model_intercept_sd_zero,
M1,12,100,0.6,0.1,0.3,0.02,1,92629000,0.5805306024731317,2.534320710836301,False,0.10145877784839492,0.9851575054441278,0.48752792444391047,True,True,boundary (singular) fit: see help('isSingular'),-0.1081,0.1472,0.4626,-0.3966,0.1804,False,-0.2081,True,0.0,1.5288e-10,NaN,0.0,0.0,"[0, 0, -1.5288e-10, 0]","[0, 0, ""-Inf"", 0]",model_slope_sd_zero,
M2,12,100,0.6,0.1,0.3,0.02,1,92629000,0.5805306024731317,2.534320710836301,False,0.10145877784839492,0.9851575054441278,0.48752792444391047,True,True,boundary (singular) fit: see help('isSingular'),-0.1081,0.1472,0.4626,-0.3966,0.1804,False,-0.2081,True,0.0,NA,NA,0.0,0.0,"[0, 0, 0]","[0, 0, 0]",model_intercept_sd_zero,
M1,12,100,0.6,0.1,0.3,0.02,2,92629001,0.5834009334461111,1.605724522346057,False,0.09974732770014234,0.8828306705558604,0.022043556926205857,True,True,boundary (singular) fit: see help('isSingular'),0.2656,0.1586,0.0941,-0.0454,0.5765,False,0.1656,True,0.1979,0.1894,-1,0.0,6.9389e-18,"[0, 0.1979, -0.1894, 0]","[0, 0, ""-Inf"", 0]",model_corr_boundary,
M2,12,100,0.6,0.1,0.3,0.02,2,92629001,0.5834009334461111,1.605724522346057,False,0.09974732770014234,0.8828306705558604,0.022043556926205857,True,True,boundary (singular) fit: see help('isSingular'),0.2699,0.1475,0.0672,-0.0191,0.559,False,0.1699,True,0.0307,NA,NA,0.0,0.0009,"[0, 0.0307, 0]","[0, 0, 0]",item_intercept_sd_zero,
M1,12,100,0.6,0.1,0.3,0.02,3,92629002,0.6040378787805488,1.9567894382360214,False,0.10395938645605864,0.9214100093765599,0.5799803313840501,True,True,boundary (singular) fit: see help('isSingular'),0.0852,0.1508,0.5722,-0.2104,0.3807,False,-0.0148,True,0.0,2.5545e-07,NaN,0.0,0.0,"[0, 0, 2.5545e-07, 0]","[0, 0, ""-Inf"", 0]",model_slope_sd_zero,
M2,12,100,0.6,0.1,0.3,0.02,3,92629002,0.6040378787805488,1.9567894382360214,False,0.10395938645605864,0.9214100093765599,0.5799803313840501,True,True,boundary (singular) fit: see help('isSingular'),0.0852,0.1508,0.5722,-0.2104,0.3807,False,-0.0148,True,0.0,NA,NA,0.0,0.0,"[0, 0, 0]","[0, 0, 0]",model_intercept_sd_zero,
M1,12,100,0.6,0.1,0.3,0.02,4,92629003,0.5837851170865406,1.8307995479874744,False,0.05381252916147783,0.8937964955102619,0.5773608866450167,True,True,boundary (singular) fit: see help('isSingular'),0.0503,0.1498,0.7369,-0.2433,0.344,False,-0.0497,True,0.0,3.9622e-07,NaN,0.1813,0.0,"[0.1813, 0, -3.9622e-07, 0]","[0, 0, ""-Inf"", 0]",model_slope_sd_zero,
M2,12,100,0.6,0.1,0.3,0.02,4,92629003,0.5837851170865406,1.8307995479874744,False,0.05381252916147783,0.8937964955102619,0.5773608866450167,True,True,boundary (singular) fit: see help('isSingular'),0.0503,0.1498,0.7369,-0.2433,0.344,False,-0.0497,True,0.0,NA,NA,0.1813,0.0,"[0.1813, 0, 0]","[0, 0, 0]",model_intercept_sd_zero,
M1,12,100,0.6,0.1,0.3,0.02,5,92629004,0.5770967852121465,1.736732430845853,False,0.0803646787906303,0.907002877945952,0.46725229666637125,True,True,boundary (singular) fit: see help('isSingular'),-0.0501,0.1672,0.7644,-0.3779,0.2777,False,-0.1501,True,0.0977,0.2649,-1,0.0,-1.7347e-18,"[0, 0.0977, -0.2649, 0]","[0, 0, ""-Inf"", 0]",model_corr_boundary,
M2,12,100,0.6,0.1,0.3,0.02,5,92629004,0.5770967852121465,1.736732430845853,False,0.0803646787906303,0.907002877945952,0.46725229666637125,True,True,boundary (singular) fit: see help('isSingular'),-0.0371,0.147,0.8005,-0.3253,0.251,False,-0.1371,True,0.0,NA,NA,0.0,0.0,"[0, 0, 0]","[0, 0, 0]",model_intercept_sd_zero,
M1,12,100,0.6,0.1,0.3,0.02,6,92629005,0.598567551099182,1.3646922264062353,False,0.13232900709010478,0.8374597256664811,0.5049053062511876,True,True,boundary (singular) fit: see help('isSingular'),-0.0588,0.1592,0.7116,-0.3708,0.2531,False,-0.1588,True,0.0,0.1439,NaN,0.239,0.0,"[0.239, 0, -0.1434, 0.0129]","[0, 0, ""-Inf"", 0]",model_intercept_sd_zero,
M2,12,100,0.6,0.1,0.3,0.02,6,92629005,0.598567551099182,1.3646922264062353,False,0.13232900709010478,0.8374597256664811,0.5049053062511876,True,True,boundary (singular) fit: see help('isSingular'),-0.0588,0.1592,0.7116,-0.3708,0.2531,False,-0.1588,True,2.9813e-08,NA,NA,0.239,8.8884e-16,"[0.239, 2.9813e-08, 0.1439]","[0, 0, 0]",model_intercept_sd_zero,
M1,12,100,0.6,0.1,0.3,0.02,7,92629006,0.5960333051992531,1.5067510018813146,False,0.1262496837175022,0.9173282688314549,0.2736765030647567,True,True,boundary (singular) fit: see help('isSingular'),-0.0927,0.1522,0.5428,-0.3911,0.2058,False,-0.1927,True,0.1058,0.0064,-1,0.0,0.0,"[0, 0.1058, -0.0064, 0]","[0, 0, ""-Inf"", 0]",model_corr_boundary,
M2,12,100,0.6,0.1,0.3,0.02,7,92629006,0.5960333051992531,1.5067510018813146,False,0.1262496837175022,0.9173282688314549,0.2736765030647567,True,True,boundary (singular) fit: see help('isSingular'),-0.0924,0.1523,0.5442,-0.3908,0.2061,False,-0.1924,True,0.1037,NA,NA,0.0,0.0108,"[0, 0.1037, 0]","[0, 0, 0]",item_intercept_sd_zero,
M1,12,100,0.6,0.1,0.3,0.02,8,92629007,0.6039096729170134,1.803263994759248,False,0.060591679038678736,0.8934784180957815,0.4356220354523486,True,True,boundary (singular) fit: see help('isSingular'),0.3069,0.182,0.0917,-0.0498,0.6636,False,0.2069,True,0.0484,0.3343,1,0.0,0.0,"[0, 0.0484, 0.3343, 0]","[0, 0, ""-Inf"", 0]",model_corr_boundary,
M2,12,100,0.6,0.1,0.3,0.02,8,92629007,0.6039096729170134,1.803263994759248,False,0.060591679038678736,0.8934784180957815,0.4356220354523486,True,True,boundary (singular) fit: see help('isSingular'),0.2984,0.1883,0.113,-0.0707,0.6675,False,0.1984,True,0.0,NA,NA,1.7026e-07,0.0,"[1.7026e-07, 0, 0.3701]","[0, 0, 0]",model_intercept_sd_zero,
M1,12,100,0.6,0.1,0.3,0.02,9,92629008,0.5966783734296743,1.4126505944834242,False,0.12572742929866718,0.845365850707362,-0.011873754806390961,True,True,boundary (singular) fit: see help('isSingular'),-0.0236,0.152,0.8767,-0.3215,0.2744,False,-0.1236,True,2.373e-08,8.0667e-08,0.9926,0.0532,7.6718e-18,"[0.0532, 2.373e-08, 8.0069e-08, 9.8093e-09]","[0, 0, ""-Inf"", 0]",model_slope_sd_zero,
M2,12,100,0.6,0.1,0.3,0.02,9,92629008,0.5966783734296743,1.4126505944834242,False,0.12572742929866718,0.845365850707362,-0.011873754806390961,True,True,boundary (singular) fit: see help('isSingular'),-0.0236,0.152,0.8767,-0.3215,0.2744,False,-0.1236,True,0.0,NA,NA,0.0532,0.0,"[0.0532, 0, 0]","[0, 0, 0]",model_intercept_sd_zero,
M1,12,100,0.6,0.1,0.3,0.02,10,92629009,0.6420866211450287,1.710256557894743,False,0.16162869439124802,0.9338363649033455,0.43831478530399937,True,True,boundary (singular) fit: see help('isSingular'),-0.0119,0.1551,0.9386,-0.3159,0.292,False,-0.1119,True,9.1729e-07,1.3649e-06,-1,0.0767,-1.0097e-28,"[0.0767, 9.1729e-07, -1.3649e-06, 0]","[0, 0, ""-Inf"", 0]",model_slope_sd_zero,
M2,12,100,0.6,0.1,0.3,0.02,10,92629009,0.6420866211450287,1.710256557894743,False,0.16162869439124802,0.9338363649033455,0.43831478530399937,True,True,boundary (singular) fit: see help('isSingular'),-0.0119,0.1551,0.9386,-0.3159,0.292,False,-0.1119,True,0.0,NA,NA,0.0767,0.0,"[0.0767, 0, 0]","[0, 0, 0]",model_intercept_sd_zero,
M1,12,100,0.6,0.1,0.3,0.02,11,92629010,0.6020267134122621,1.5164510138313188,False,0.0936090622243769,0.862563033798203,0.09272270432852493,True,True,boundary (singular) fit: see help('isSingular'),0.0516,0.1573,0.7427,-0.2567,0.36,False,-0.0484,True,0.0385,0.1362,-1,0.2437,1.3299e-15,"[0.2437, 0.0385, -0.1362, 1.3407e-07]","[0, 0, ""-Inf"", 0]",model_corr_boundary,
M2,12,100,0.6,0.1,0.3,0.02,11,92629010,0.6020267134122621,1.5164510138313188,False,0.0936090622243769,0.862563033798203,0.09272270432852493,True,True,boundary (singular) fit: see help('isSingular'),0.0516,0.1528,0.7357,-0.2478,0.351,False,-0.0484,True,0.0,NA,NA,0.2432,0.0,"[0.2432, 0, 0.0643]","[0, 0, 0]",model_intercept_sd_zero,
M1,12,100,0.6,0.1,0.3,0.02,12,92629011,0.6093183686031807,2.2874568823950443,False,0.06936246315820423,0.9171842683468233,0.33913405277578235,True,True,boundary (singular) fit: see help('isSingular'),-0.2046,0.159,0.1984,-0.5163,0.1072,False,-0.3046,True,0.0,0.1657,NaN,0.0,0.0,"[0, 0, -0.1415, 0.0862]","[0, 0, ""-Inf"", 0]",model_intercept_sd_zero,
M2,12,100,0.6,0.1,0.3,0.02,12,92629011,0.6093183686031807,2.2874568823950443,False,0.06936246315820423,0.9171842683468233,0.33913405277578235,True,True,boundary (singular) fit: see help('isSingular'),-0.2046,0.159,0.1984,-0.5163,0.1072,False,-0.3046,True,0.0,NA,NA,0.0,0.0,"[0, 0, 0.1657]","[0, 0, 0]",model_intercept_sd_zero,
M1,12,100,0.6,0.1,0.3,0.02,13,92629012,0.5891356121702596,1.940382105039582,False,0.10397639451273741,0.9071621512343827,0.5672918350864159,True,True,boundary (singular) fit: see help('isSingular'),0.2595,0.1505,0.0848,-0.0356,0.5545,False,0.1595,True,0.0,4.249e-07,NaN,0.1082,0.0,"[0.1082, 0, -4.249e-07, 0]","[0, 0, ""-Inf"", 0]",model_slope_sd_zero,
M2,12,100,0.6,0.1,0.3,0.02,13,92629012,0.5891356121702596,1.940382105039582,False,0.10397639451273741,0.9071621512343827,0.5672918350864159,True,True,boundary (singular) fit: see help('isSingular'),0.2595,0.1505,0.0848,-0.0356,0.5545,False,0.1595,True,0.0,NA,NA,0.1082,0.0,"[0.1082, 0, 0]","[0, 0, 0]",model_intercept_sd_zero,
M1,12,100,0.6,0.1,0.3,0.02,14,92629013,0.5556216232953759,2.20027563172372,False,0.12744795212130547,0.9502445637231973,0.06981775010428624,True,True,boundary (singular) fit: see help('isSingular'),-0.0037,0.1459,0.9799,-0.2897,0.2823,False,-0.1037,True,0.0,3.8484e-10,NaN,0.0,0.0,"[0, 0, -3.8484e-10, 0]","[0, 0, ""-Inf"", 0]",model_slope_sd_zero,
M2,12,100,0.6,0.1,0.3,0.02,14,92629013,0.5556216232953759,2.20027563172372,False,0.12744795212130547,0.9502445637231973,0.06981775010428624,True,True,boundary (singular) fit: see help('isSingular'),-0.0037,0.1459,0.9799,-0.2897,0.2823,False,-0.1037,True,0.0,NA,NA,0.0,0.0,"[0, 0, 0]","[0, 0, 0]",model_intercept_sd_zero,
M1,12,100,0.6,0.1,0.3,0.02,15,92629014,0.587617829765021,1.8559075110760248,False,0.08124613779831724,0.9066814380796536,0.16491677390763354,True,True,boundary (singular) fit: see help('isSingular'),-0.0565,0.167,0.735,-0.3838,0.2708,False,-0.1565,True,0.0,0.2378,NaN,0.0,0.0,"[0, 0, -0.229, 0.0643]","[0, 0, ""-Inf"", 0]",model_intercept_sd_zero,
M2,12,100,0.6,0.1,0.3,0.02,15,92629014,0.587617829765021,1.8559075110760248,False,0.08124613779831724,0.9066814380796536,0.16491677390763354,True,True,boundary (singular) fit: see help('isSingular'),-0.0565,0.167,0.735,-0.3838,0.2708,False,-0.1565,True,0.0,NA,NA,0.0,0.0,"[0, 0, 0.2378]","[0, 0, 0]",model_intercept_sd_zero,
M1,12,100,0.6,0.1,0.3,0.02,16,92629015,0.6029598394759224,1.7937161508636108,False,0.07468973601719829,0.9200498062383873,0.2994980716512926,True,True,boundary (singular) fit: see help('isSingular'),0.2616,0.15,0.0811,-0.0324,0.5556,False,0.1616,True,0.0,4.5674e-08,NaN,0.0,0.0,"[0, 0, -4.5674e-08, 0]","[0, 0, ""-Inf"", 0]",model_slope_sd_zero,
M2,12,100,0.6,0.1,0.3,0.02,16,92629015,0.6029598394759224,1.7937161508636108,False,0.07468973601719829,0.9200498062383873,0.2994980716512926,True,True,boundary (singular) fit: see help('isSingular'),0.2616,0.15,0.0811,-0.0324,0.5556,False,0.1616,True,0.0,NA,NA,6.5654e-08,0.0,"[6.5654e-08, 0, 0]","[0, 0, 0]",model_intercept_sd_zero,
M1,12,100,0.6,0.1,0.3,0.02,17,92629016,0.606354893077449,2.127603308392186,False,0.06574150749653672,0.942702244459354,-0.34852753018865107,True,True,boundary (singular) fit: see help('isSingular'),0.1795,0.1545,0.2454,-0.1234,0.4823,False,0.0795,True,0.0472,0.1027,-1,0.0,-2.1684e-19,"[0, 0.0472, -0.1027, 0]","[0, 0, ""-Inf"", 0]",model_corr_boundary,
M2,12,100,0.6,0.1,0.3,0.02,17,92629016,0.606354893077449,2.127603308392186,False,0.06574150749653672,0.942702244459354,-0.34852753018865107,True,True,boundary (singular) fit: see help('isSingular'),0.1781,0.1508,0.2376,-0.1174,0.4736,False,0.0781,True,0.0,NA,NA,0.0,0.0,"[0, 0, 0]","[0, 0, 0]",model_intercept_sd_zero,
M1,12,100,0.6,0.1,0.3,0.02,18,92629017,0.6253493954678906,2.0313006091869865,False,0.0500144406439395,0.8802699239309679,0.11986237725592314,True,True,boundary (singular) fit: see help('isSingular'),0.0442,0.1521,0.7714,-0.2539,0.3423,False,-0.0558,True,0.0,2.3904e-08,NaN,0.0,0.0,"[0, 0, 2.3904e-08, 0]","[0, 0, ""-Inf"", 0]",model_slope_sd_zero,
M2,12,100,0.6,0.1,0.3,0.02,18,92629017,0.6253493954678906,2.0313006091869865,False,0.0500144406439395,0.8802699239309679,0.11986237725592314,True,True,boundary (singular) fit: see help('isSingular'),0.0442,0.1521,0.7714,-0.2539,0.3423,False,-0.0558,True,0.0,NA,NA,0.0,0.0,"[0, 0, 0]","[0, 0, 0]",model_intercept_sd_zero,
M1,12,100,0.6,0.1,0.3,0.02,19,92629018,0.5793262379816013,1.990730208068761,False,0.10898234248955224,0.8997255550767517,0.008532041299516102,True,True,boundary (singular) fit: see help('isSingular'),0.2929,0.1857,0.1148,-0.0712,0.6569,False,0.1929,True,0.2265,0.3851,-1,0.0412,0.0,"[0.0412, 0.2265, -0.3851, 0]","[0, 0, ""-Inf"", 0]",model_corr_boundary,
M2,12,100,0.6,0.1,0.3,0.02,19,92629018,0.5793262379816013,1.990730208068761,False,0.10898234248955224,0.8997255550767517,0.008532041299516102,True,True,boundary (singular) fit: see help('isSingular'),0.2776,0.1473,0.0595,-0.0111,0.5664,False,0.1776,True,0.0,NA,NA,0.0473,0.0,"[0.0473, 0, 0.0516]","[0, 0, 0]",model_intercept_sd_zero,
M1,12,100,0.6,0.1,0.3,0.02,20,92629019,0.6185402459125742,1.630290034302828,False,0.10899646191917871,0.9332647654852549,0.5556375810158739,True,True,boundary (singular) fit: see help('isSingular'),0.0538,0.189,0.7757,-0.3166,0.4243,False,-0.0462,True,0.3139,0.3652,-1,0.0,0.0,"[0, 0.3139, -0.3652, 0]","[0, 0, ""-Inf"", 0]",model_corr_boundary,
M2,12,100,0.6,0.1,0.3,0.02,20,92629019,0.6185402459125742,1.630290034302828,False,0.10899646191917871,0.9332647654852549,0.5556375810158739,True,True,boundary (singular) fit: see help('isSingular'),0.1275,0.1523,0.4023,-0.1709,0.426,False,0.0275,True,0.1357,NA,NA,0.0,0.0184,"[0, 0.1357, 0]","[0, 0, 0]",item_intercept_sd_zero,
M1,12,100,0.6,0.1,0.3,0.02,21,92629020,0.6458981411029187,1.8176253557582238,False,0.0817728867140917,0.8747662563547929,0.28385368732598654,True,True,boundary (singular) fit: see help('isSingular'),0.2635,0.1585,0.0964,-0.0472,0.5741,False,0.1635,True,3.3226e-07,7.5106e-07,-0.9373,0.1192,1.1404e-14,"[0.1192, 3.3226e-07, -7.0398e-07, 2.6172e-07]","[0, 0, ""-Inf"", 0]",model_slope_sd_zero,
M2,12,100,0.6,0.1,0.3,0.02,21,92629020,0.6458981411029187,1.8176253557582238,False,0.0817728867140917,0.8747662563547929,0.28385368732598654,True,True,boundary (singular) fit: see help('isSingular'),0.2635,0.1585,0.0964,-0.0472,0.5741,False,0.1635,True,0.0,NA,NA,0.1192,0.0,"[0.1192, 0, 0]","[0, 0, 0]",model_intercept_sd_zero,
M1,12,100,0.6,0.1,0.3,0.02,22,92629021,0.574559204093085,2.088297117928085,False,0.060773926373148476,0.9367937716457093,0.7450691750829842,True,True,boundary (singular) fit: see help('isSingular'),0.1523,0.1495,0.3085,-0.1408,0.4453,False,0.0523,True,0.0832,0.1044,-1,0.037,-8.6736e-19,"[0.037, 0.0832, -0.1044, 0]","[0, 0, ""-Inf"", 0]",model_corr_boundary,
M2,12,100,0.6,0.1,0.3,0.02,22,92629021,0.574559204093085,2.088297117928085,False,0.060773926373148476,0.9367937716457093,0.7450691750829842,True,True,boundary (singular) fit: see help('isSingular'),0.1512,0.1457,0.2995,-0.1344,0.4368,False,0.0512,True,0.0,NA,NA,0.0345,0.0,"[0.0345, 0, 0]","[0, 0, 0]",model_intercept_sd_zero,
M1,12,100,0.6,0.1,0.3,0.02,23,92629022,0.5861113464412622,1.5844382148147984,False,0.11920925342214574,0.8767831287734648,0.5337344400826964,True,True,boundary (singular) fit: see help('isSingular'),0.4454,0.1525,0.0035,0.1464,0.7443,True,0.3454,False,0.12,0.1344,-1,0.0,-1.7347e-18,"[0, 0.12, -0.1344, 0]","[0, 0, ""-Inf"", 0]",model_corr_boundary,
M2,12,100,0.6,0.1,0.3,0.02,23,92629022,0.5861113464412622,1.5844382148147984,False,0.11920925342214574,0.8767831287734648,0.5337344400826964,True,True,boundary (singular) fit: see help('isSingular'),0.4451,0.147,0.0025,0.157,0.7333,True,0.3451,False,0.0,NA,NA,0.0,0.0,"[0, 0, 0]","[0, 0, 0]",model_intercept_sd_zero,
M1,12,100,0.6,0.1,0.3,0.02,24,92629023,0.6261690790638396,2.333651150945916,False,0.044430439426508025,0.9191611745691052,0.11234764501250268,True,True,boundary (singular) fit: see help('isSingular'),0.2492,0.1568,0.1121,-0.0582,0.5565,False,0.1492,True,0.0321,0.0013,-1,0.2143,2.1176e-22,"[0.2143, 0.0321, -0.0013, 0]","[0, 0, ""-Inf"", 0]",model_corr_boundary,
M2,12,100,0.6,0.1,0.3,0.02,24,92629023,0.6261690790638396,2.333651150945916,False,0.044430439426508025,0.9191611745691052,0.11234764501250268,True,True,boundary (singular) fit: see help('isSingular'),0.2493,0.1568,0.1119,-0.0581,0.5566,False,0.1493,True,0.0313,NA,NA,0.2142,0.001,"[0.2142, 0.0313, 0]","[0, 0, 0]",other_boundary,
M1,12,100,0.6,0.1,0.3,0.02,25,92629024,0.6125559453973399,1.8386393538819246,False,0.0441351630705594,0.8898694868464592,0.5012220750907691,True,True,boundary (singular) fit: see help('isSingular'),0.0703,0.1529,0.6457,-0.2295,0.3701,False,-0.0297,True,0.0,3.1645e-09,NaN,0.0,0.0,"[0, 0, 3.1645e-09, 0]","[0, 0, ""-Inf"", 0]",model_slope_sd_zero,
M2,12,100,0.6,0.1,0.3,0.02,25,92629024,0.6125559453973399,1.8386393538819246,False,0.0441351630705594,0.8898694868464592,0.5012220750907691,True,True,boundary (singular) fit: see help('isSingular'),0.0703,0.1529,0.6457,-0.2295,0.3701,False,-0.0297,True,0.0,NA,NA,0.0,0.0,"[0, 0, 0]","[0, 0, 0]",model_intercept_sd_zero,
M1,12,100,0.6,0.1,0.3,0.02,26,92629025,0.5552771548910194,2.263241430164096,False,0.037799434810759265,0.9396233662903419,0.749375274707048,True,True,boundary (singular) fit: see help('isSingular'),-0.0293,0.1463,0.8412,-0.316,0.2574,False,-0.1293,True,0.0,6.6274e-09,NaN,0.0,0.0,"[0, 0, 6.6274e-09, 0]","[0, 0, ""-Inf"", 0]",model_slope_sd_zero,
M2,12,100,0.6,0.1,0.3,0.02,26,92629025,0.5552771548910194,2.263241430164096,False,0.037799434810759265,0.9396233662903419,0.749375274707048,True,True,boundary (singular) fit: see help('isSingular'),-0.0293,0.1463,0.8412,-0.316,0.2574,False,-0.1293,True,0.0,NA,NA,0.0,0.0,"[0, 0, 0]","[0, 0, 0]",model_intercept_sd_zero,
M1,12,100,0.6,0.1,0.3,0.02,27,92629026,0.6210098878226001,1.510538589331177,False,0.07559894589978942,0.8469140512734317,-0.3435650220550697,True,True,boundary (singular) fit: see help('isSingular'),0.3793,0.1611,0.0185,0.0637,0.695,True,0.2793,True,0.0731,0.1343,-1,0.0775,8.6736e-19,"[0.0775, 0.0731, -0.1343, 0]","[0, 0, ""-Inf"", 0]",model_corr_boundary,
M2,12,100,0.6,0.1,0.3,0.02,27,92629026,0.6210098878226001,1.510538589331177,False,0.07559894589978942,0.8469140512734317,-0.3435650220550697,True,True,boundary (singular) fit: see help('isSingular'),0.3744,0.1558,0.0163,0.069,0.6797,True,0.2744,True,0.0,NA,NA,0.079,0.0,"[0.079, 0, 0]","[0, 0, 0]",model_intercept_sd_zero,
M1,12,100,0.6,0.1,0.3,0.02,28,92629027,0.611678120802492,2.480771112640886,False,0.05636920173751988,0.9764233795025733,0.4547398594081875,True,True,boundary (singular) fit: see help('isSingular'),0.1641,0.1497,0.273,-0.1293,0.4575,False,0.0641,True,0.0,1.72e-07,NaN,0.1058,0.0,"[0.1058, 0, -1.72e-07, 0]","[0, 0, ""-Inf"", 0]",model_slope_sd_zero,
M2,12,100,0.6,0.1,0.3,0.02,28,92629027,0.611678120802492,2.480771112640886,False,0.05636920173751988,0.9764233795025733,0.4547398594081875,True,True,boundary (singular) fit: see help('isSingular'),0.1641,0.1497,0.273,-0.1293,0.4575,False,0.0641,True,0.0,NA,NA,0.1058,0.0,"[0.1058, 0, 0]","[0, 0, 0]",model_intercept_sd_zero,
M1,12,100,0.6,0.1,0.3,0.02,29,92629028,0.6037242249304028,1.5913550756069257,False,0.06878262246015407,0.8761795124757288,0.5529351599271851,True,True,boundary (singular) fit: see help('isSingular'),0.2735,0.1539,0.0755,-0.0281,0.5751,False,0.1735,True,0.0,0.0868,NaN,0.0,0.0,"[0, 0, 0.0848, 0.0186]","[0, 0, ""-Inf"", 0]",model_intercept_sd_zero,
M2,12,100,0.6,0.1,0.3,0.02,29,92629028,0.6037242249304028,1.5913550756069257,False,0.06878262246015407,0.8761795124757288,0.5529351599271851,True,True,boundary (singular) fit: see help('isSingular'),0.2735,0.1539,0.0755,-0.0281,0.5751,False,0.1735,True,0.0,NA,NA,0.0,0.0,"[0, 0, 0.0868]","[0, 0, 0]",model_intercept_sd_zero,
M1,12,100,0.6,0.1,0.3,0.02,30,92629029,0.5899091487961242,2.0555576166043736,False,0.06292808515044057,0.9395032053504059,0.7064653888188415,True,True,boundary (singular) fit: see help('isSingular'),-0.003,0.1541,0.9844,-0.305,0.299,False,-0.103,True,0.0,0.1253,NaN,0.2301,0.0,"[0.2301, 0, -0.1253, 0.0024]","[0, 0, ""-Inf"", 0]",model_intercept_sd_zero,
M2,12,100,0.6,0.1,0.3,0.02,30,92629029,0.5899091487961242,2.0555576166043736,False,0.06292808515044057,0.9395032053504059,0.7064653888188415,True,True,boundary (singular) fit: see help('isSingular'),-0.003,0.1541,0.9844,-0.305,0.299,False,-0.103,True,0.0,NA,NA,0.2301,0.0,"[0.2301, 0, 0.1253]","[0, 0, 0]",model_intercept_sd_zero,
M1,24,100,0.6,0.1,0.3,0.02,1,92641000,0.6064813039899402,1.990803101741802,False,0.07254605232415699,0.935270969733687,0.5224593713081863,True,True,boundary (singular) fit: see help('isSingular'),0.1675,0.1057,0.113,-0.0397,0.3747,False,0.0675,True,0.1006,0.0274,1,0.1419,-2.1684e-19,"[0.1419, 0.1006, 0.0274, 0]","[0, 0, ""-Inf"", 0]",model_corr_boundary,
M2,24,100,0.6,0.1,0.3,0.02,1,92641000,0.6064813039899402,1.990803101741802,False,0.07254605232415699,0.935270969733687,0.5224593713081863,True,True,boundary (singular) fit: see help('isSingular'),0.1667,0.1055,0.1141,-0.0401,0.3736,False,0.0667,True,0.1119,NA,NA,0.1418,0.0125,"[0.1418, 0.1119, 0]","[0, 0, 0]",other_boundary,
M1,24,100,0.6,0.1,0.3,0.02,2,92641001,0.6116355234787023,2.273394780809524,False,0.03771605972372697,0.9272680657567824,0.5782550500133241,True,True,boundary (singular) fit: see help('isSingular'),0.0675,0.1091,0.5362,-0.1464,0.2815,False,-0.0325,True,0.0,0.0864,NaN,0.0336,0.0,"[0.0336, 0, -0.076, 0.0412]","[0, 0, ""-Inf"", 0]",model_intercept_sd_zero,
M2,24,100,0.6,0.1,0.3,0.02,2,92641001,0.6116355234787023,2.273394780809524,False,0.03771605972372697,0.9272680657567824,0.5782550500133241,True,True,boundary (singular) fit: see help('isSingular'),0.0675,0.1091,0.5362,-0.1464,0.2815,False,-0.0325,True,0.0,NA,NA,0.0337,0.0,"[0.0337, 0, 0.0864]","[0, 0, 0]",model_intercept_sd_zero,
M1,24,100,0.6,0.1,0.3,0.02,3,92641002,0.6066718367272239,2.5662185884752517,False,0.03246448374104999,0.9204299113313548,0.22558419820819123,True,True,boundary (singular) fit: see help('isSingular'),0.088,0.1068,0.4102,-0.1214,0.2973,False,-0.012,True,0.0,3.0254e-07,NaN,0.0356,0.0,"[0.0356, 0, 3.0254e-07, 0]","[0, 0, ""-Inf"", 0]",model_slope_sd_zero,
M2,24,100,0.6,0.1,0.3,0.02,3,92641002,0.6066718367272239,2.5662185884752517,False,0.03246448374104999,0.9204299113313548,0.22558419820819123,True,True,boundary (singular) fit: see help('isSingular'),0.088,0.1068,0.4102,-0.1214,0.2973,False,-0.012,True,0.0,NA,NA,0.0356,0.0,"[0.0356, 0, 0]","[0, 0, 0]",model_intercept_sd_zero,
M1,24,100,0.6,0.1,0.3,0.02,4,92641003,0.5989372614383996,1.7508395507646901,False,0.08784575492848627,0.9377295302116133,-0.01454938196092143,True,True,boundary (singular) fit: see help('isSingular'),0.1423,0.1049,0.1749,-0.0633,0.3479,False,0.0423,True,0.0,1.6933e-07,NaN,0.0,0.0,"[0, 0, 1.6933e-07, 0]","[0, 0, ""-Inf"", 0]",model_slope_sd_zero,
M2,24,100,0.6,0.1,0.3,0.02,4,92641003,0.5989372614383996,1.7508395507646901,False,0.08784575492848627,0.9377295302116133,-0.01454938196092143,True,True,boundary (singular) fit: see help('isSingular'),0.1423,0.1049,0.1749,-0.0633,0.3479,False,0.0423,True,0.0,NA,NA,0.0,0.0,"[0, 0, 0]","[0, 0, 0]",model_intercept_sd_zero,
M1,24,100,0.6,0.1,0.3,0.02,5,92641004,0.5942569092665931,2.152595264541838,False,0.047369512840143645,0.9390328142331739,0.3527639834113696,True,True,boundary (singular) fit: see help('isSingular'),0.1151,0.1054,0.2751,-0.0916,0.3217,False,0.0151,True,1.6626e-06,2.1895e-06,-1,0.0,-6.0585e-28,"[0, 1.6626e-06, -2.1895e-06, 0]","[0, 0, ""-Inf"", 0]",model_slope_sd_zero,
M2,24,100,0.6,0.1,0.3,0.02,5,92641004,0.5942569092665931,2.152595264541838,False,0.047369512840143645,0.9390328142331739,0.3527639834113696,True,True,boundary (singular) fit: see help('isSingular'),0.1151,0.1054,0.2751,-0.0916,0.3217,False,0.0151,True,0.0,NA,NA,5e-07,0.0,"[5e-07, 0, 0]","[0, 0, 0]",model_intercept_sd_zero,
M1,24,100,0.6,0.1,0.3,0.02,6,92641005,0.5911528823251376,2.0490813861803017,False,0.0743944151786262,0.9478708821756592,0.3352045001902761,True,True,boundary (singular) fit: see help('isSingular'),0.0531,0.1066,0.6186,-0.1559,0.262,False,-0.0469,True,0.1154,0.0632,-1,1.6863e-07,-8.6736e-19,"[1.6863e-07, 0.1154, -0.0632, 0]","[0, 0, ""-Inf"", 0]",model_corr_boundary,
M2,24,100,0.6,0.1,0.3,0.02,6,92641005,0.5911528823251376,2.0490813861803017,False,0.0743944151786262,0.9478708821756592,0.3352045001902761,True,True,boundary (singular) fit: see help('isSingular'),0.0531,0.1056,0.6153,-0.154,0.2601,False,-0.0469,True,0.067,NA,NA,0.0,0.0045,"[0, 0.067, 0]","[0, 0, 0]",item_intercept_sd_zero,
M1,24,100,0.6,0.1,0.3,0.02,7,92641006,0.5821938673635155,1.910347216001584,False,0.08375179238888042,0.9452719375597399,0.26424710909577875,True,True,boundary (singular) fit: see help('isSingular'),0.1931,0.1052,0.0665,-0.0132,0.3994,False,0.0931,True,0.0,1.0298e-07,NaN,0.0,0.0,"[0, 0, 1.0298e-07, 0]","[0, 0, ""-Inf"", 0]",model_slope_sd_zero,
M2,24,100,0.6,0.1,0.3,0.02,7,92641006,0.5821938673635155,1.910347216001584,False,0.08375179238888042,0.9452719375597399,0.26424710909577875,True,True,boundary (singular) fit: see help('isSingular'),0.1931,0.1052,0.0665,-0.0132,0.3994,False,0.0931,True,0.0,NA,NA,1.6063e-07,0.0,"[1.6063e-07, 0, 0]","[0, 0, 0]",model_intercept_sd_zero,
M1,24,100,0.6,0.1,0.3,0.02,8,92641007,0.6163343548583128,2.0988214199293256,False,0.10819089248542949,0.9602188971154432,0.5056892541290922,True,True,boundary (singular) fit: see help('isSingular'),0.1109,0.1067,0.2985,-0.0982,0.3201,False,0.0109,True,0.0,2.0247e-07,NaN,0.0,0.0,"[0, 0, 2.0247e-07, 0]","[0, 0, ""-Inf"", 0]",model_slope_sd_zero,
M2,24,100,0.6,0.1,0.3,0.02,8,92641007,0.6163343548583128,2.0988214199293256,False,0.10819089248542949,0.9602188971154432,0.5056892541290922,True,True,boundary (singular) fit: see help('isSingular'),0.1109,0.1067,0.2985,-0.0982,0.3201,False,0.0109,True,0.0,NA,NA,2.3134e-07,0.0,"[2.3134e-07, 0, 0]","[0, 0, 0]",model_intercept_sd_zero,
M1,24,100,0.6,0.1,0.3,0.02,9,92641008,0.5977213125407514,1.744778307802261,False,0.07554530708901792,0.9179991943831074,0.08044318008136572,True,True,boundary (singular) fit: see help('isSingular'),0.1855,0.1061,0.0805,-0.0225,0.3935,False,0.0855,True,0.0,1.3214e-07,NaN,0.0,0.0,"[0, 0, -1.3214e-07, 0]","[0, 0, ""-Inf"", 0]",model_slope_sd_zero,
M2,24,100,0.6,0.1,0.3,0.02,9,92641008,0.5977213125407514,1.744778307802261,False,0.07554530708901792,0.9179991943831074,0.08044318008136572,True,True,boundary (singular) fit: see help('isSingular'),0.1855,0.1061,0.0805,-0.0225,0.3935,False,0.0855,True,0.0,NA,NA,0.0,0.0,"[0, 0, 0]","[0, 0, 0]",model_intercept_sd_zero,
M1,24,100,0.6,0.1,0.3,0.02,10,92641009,0.5986990533449958,1.88944093791823,False,0.04442390316086482,0.9190436033917699,0.31126461781444614,True,True,boundary (singular) fit: see help('isSingular'),0.1801,0.1058,0.0886,-0.0272,0.3874,False,0.0801,True,0.0,6.1354e-07,NaN,0.0,0.0,"[0, 0, -6.1354e-07, 0]","[0, 0, ""-Inf"", 0]",model_slope_sd_zero,
M2,24,100,0.6,0.1,0.3,0.02,10,92641009,0.5986990533449958,1.88944093791823,False,0.04442390316086482,0.9190436033917699,0.31126461781444614,True,True,boundary (singular) fit: see help('isSingular'),0.1801,0.1058,0.0886,-0.0272,0.3874,False,0.0801,True,0.0,NA,NA,4.3645e-09,0.0,"[4.3645e-09, 0, 0]","[0, 0, 0]",model_intercept_sd_zero,
M1,24,100,0.6,0.1,0.3,0.02,11,92641010,0.6058529510614294,1.7078465702572896,False,0.13017853776224203,0.9310618038807978,0.4336554464289649,True,False,,-0.0439,0.121,0.7166,-0.2812,0.1933,False,-0.1439,True,0.1997,0.2633,-0.9334,0.2137,0.0034,"[0.2137, 0.1997, -0.2458, 0.0945]","[0, 0, ""-Inf"", 0]",non_singular,
M2,24,100,0.6,0.1,0.3,0.02,11,92641010,0.6058529510614294,1.7078465702572896,False,0.13017853776224203,0.9310618038807978,0.4336554464289649,True,False,,-0.0378,0.1076,0.7253,-0.2488,0.1732,False,-0.1378,True,0.1103,NA,NA,0.2149,0.0122,"[0.2149, 0.1103, 0.0555]","[0, 0, 0]",non_singular,
M1,24,100,0.6,0.1,0.3,0.02,12,92641011,0.6125744664169346,2.6916773236972564,False,0.013198099054674874,0.944819191713066,0.44462632074894176,True,True,boundary (singular) fit: see help('isSingular'),0.2366,0.1074,0.0276,0.0261,0.4472,True,0.1366,True,0.0937,0.036,-1,5.5834e-08,8.764e-15,"[5.5834e-08, 0.0937, -0.036, 1.0031e-07]","[0, 0, ""-Inf"", 0]",model_corr_boundary,
M2,24,100,0.6,0.1,0.3,0.02,12,92641011,0.6125744664169346,2.6916773236972564,False,0.013198099054674874,0.944819191713066,0.44462632074894176,True,True,boundary (singular) fit: see help('isSingular'),0.2372,0.107,0.0266,0.0275,0.4469,True,0.1372,True,0.0722,NA,NA,0.0,0.0052,"[0, 0.0722, 0]","[0, 0, 0]",item_intercept_sd_zero,
M1,24,100,0.6,0.1,0.3,0.02,13,92641012,0.5982078529730367,2.0883873306192644,False,0.044911909293905004,0.9482482156137974,0.391576292647091,True,True,boundary (singular) fit: see help('isSingular'),0.0653,0.1143,0.5678,-0.1587,0.2893,False,-0.0347,True,0.1308,0.1865,-1,0.0002,0.0,"[0.0002, 0.1308, -0.1865, 0]","[0, 0, ""-Inf"", 0]",model_corr_boundary,
M2,24,100,0.6,0.1,0.3,0.02,13,92641012,0.5982078529730367,2.0883873306192644,False,0.044911909293905004,0.9482482156137974,0.391576292647091,True,True,boundary (singular) fit: see help('isSingular'),0.0731,0.1059,0.49,-0.1344,0.2806,False,-0.0269,True,0.0225,NA,NA,0.0002,0.0005,"[0.0002, 0.0225, 0]","[0, 0, 0]",other_boundary,
M1,24,100,0.6,0.1,0.3,0.02,14,92641013,0.5914863547522806,1.8184434430555185,False,0.05910071427359645,0.920819360117289,0.27619360245656177,True,True,boundary (singular) fit: see help('isSingular'),0.1052,0.1053,0.3179,-0.1012,0.3115,False,0.0052,True,0.0055,0.0563,1,0.1372,1.2124e-12,"[0.1372, 0.0055, 0.0563, 0]","[0, 0, ""-Inf"", 0]",model_corr_boundary,
M2,24,100,0.6,0.1,0.3,0.02,14,92641013,0.5914863547522806,1.8184434430555185,False,0.05910071427359645,0.920819360117289,0.27619360245656177,True,True,boundary (singular) fit: see help('isSingular'),0.1051,0.1054,0.3188,-0.1015,0.3116,False,0.0051,True,0.0,NA,NA,0.1372,0.0,"[0.1372, 0, 0.0602]","[0, 0, 0]",model_intercept_sd_zero,
M1,24,100,0.6,0.1,0.3,0.02,15,92641014,0.5907398578549257,1.7128286698676878,False,0.08243468469817392,0.9260724357576592,0.44035118062442585,True,True,boundary (singular) fit: see help('isSingular'),0.0023,0.1159,0.984,-0.2248,0.2294,False,-0.0977,True,0.0,0.2169,NaN,0.2542,0.0,"[0.2542, 0, 0.2166, 0.0109]","[0, 0, ""-Inf"", 0]",model_intercept_sd_zero,
M2,24,100,0.6,0.1,0.3,0.02,15,92641014,0.5907398578549257,1.7128286698676878,False,0.08243468469817392,0.9260724357576592,0.44035118062442585,True,True,boundary (singular) fit: see help('isSingular'),0.0023,0.1159,0.984,-0.2248,0.2294,False,-0.0977,True,0.0,NA,NA,0.2542,0.0,"[0.2542, 0, 0.2169]","[0, 0, 0]",model_intercept_sd_zero,
M1,24,100,0.6,0.1,0.3,0.02,16,92641015,0.5850973381114537,2.183952544840869,False,0.041355925947287486,0.9399404739917234,0.07733651202368826,True,True,boundary (singular) fit: see help('isSingular'),0.2188,0.105,0.0372,0.013,0.4245,True,0.1188,True,1.2627e-06,3.0483e-06,-0.9985,0.2364,3.9638e-15,"[0.2364, 1.2627e-06, -3.0439e-06, 1.6448e-07]","[0, 0, ""-Inf"", 0]",model_slope_sd_zero,
M2,24,100,0.6,0.1,0.3,0.02,16,92641015,0.5850973381114537,2.183952544840869,False,0.041355925947287486,0.9399404739917234,0.07733651202368826,True,True,boundary (singular) fit: see help('isSingular'),0.2188,0.105,0.0372,0.013,0.4245,True,0.1188,True,1.7023e-07,NA,NA,0.2364,2.8978e-14,"[0.2364, 1.7023e-07, 0]","[0, 0, 0]",model_intercept_sd_zero,
M1,24,100,0.6,0.1,0.3,0.02,17,92641016,0.5969397696595603,2.3076285306984237,False,0.08874454875123579,0.9619379901693259,-0.03309377026726438,True,True,boundary (singular) fit: see help('isSingular'),0.2963,0.1062,0.0053,0.0882,0.5044,True,0.1963,True,0.0807,0.0142,1,0.0,2.7105e-20,"[0, 0.0807, 0.0142, 0]","[0, 0, ""-Inf"", 0]",model_corr_boundary,
M2,24,100,0.6,0.1,0.3,0.02,17,92641016,0.5969397696595603,2.3076285306984237,False,0.08874454875123579,0.9619379901693259,-0.03309377026726438,True,True,boundary (singular) fit: see help('isSingular'),0.2963,0.1061,0.0052,0.0883,0.5043,True,0.1963,True,0.0867,NA,NA,0.0,0.0075,"[0, 0.0867, 0]","[0, 0, 0]",item_intercept_sd_zero,
M1,24,100,0.6,0.1,0.3,0.02,18,92641017,0.590069095146503,1.8797894604826857,False,0.0795237125348841,0.9382134744572836,-0.20070256362812666,True,True,boundary (singular) fit: see help('isSingular'),0.1453,0.1082,0.1793,-0.0668,0.3574,False,0.0453,True,0.0148,0.1125,-1,0.0646,2.3066e-15,"[0.0646, 0.0148, -0.1125, 3.6927e-07]","[0, 0, ""-Inf"", 0]",model_corr_boundary,
M2,24,100,0.6,0.1,0.3,0.02,18,92641017,0.590069095146503,1.8797894604826857,False,0.0795237125348841,0.9382134744572836,-0.20070256362812666,True,True,boundary (singular) fit: see help('isSingular'),0.1446,0.1073,0.1776,-0.0656,0.3548,False,0.0446,True,0.0,NA,NA,0.0651,0.0,"[0.0651, 0, 0.0926]","[0, 0, 0]",model_intercept_sd_zero,
M1,24,100,0.6,0.1,0.3,0.02,19,92641018,0.5977526270075287,2.187380456618539,False,0.017958006122635515,0.9103138116709462,0.4718061912402973,True,True,boundary (singular) fit: see help('isSingular'),0.0858,0.1069,0.4223,-0.1237,0.2952,False,-0.0142,True,2.3974e-06,6.0162e-06,-1,0.1529,0.0,"[0.1529, 2.3974e-06, -6.0162e-06, 0]","[0, 0, ""-Inf"", 0]",model_slope_sd_zero,
M2,24,100,0.6,0.1,0.3,0.02,19,92641018,0.5977526270075287,2.187380456618539,False,0.017958006122635515,0.9103138116709462,0.4718061912402973,True,True,boundary (singular) fit: see help('isSingular'),0.0858,0.1069,0.4223,-0.1237,0.2952,False,-0.0142,True,0.0,NA,NA,0.1529,0.0,"[0.1529, 0, 0]","[0, 0, 0]",model_intercept_sd_zero,
M1,24,100,0.6,0.1,0.3,0.02,20,92641019,0.6144020383452816,2.008024396377627,False,0.08107066192196664,0.9677989873394157,-0.12383978678626448,True,True,boundary (singular) fit: see help('isSingular'),0.0976,0.1074,0.3639,-0.113,0.3082,False,-0.0024,True,0.0,4.8083e-07,NaN,0.0806,0.0,"[0.0806, 0, 4.8083e-07, 0]","[0, 0, ""-Inf"", 0]",model_slope_sd_zero,
M2,24,100,0.6,0.1,0.3,0.02,20,92641019,0.6144020383452816,2.008024396377627,False,0.08107066192196664,0.9677989873394157,-0.12383978678626448,True,True,boundary (singular) fit: see help('isSingular'),0.0976,0.1074,0.3639,-0.113,0.3082,False,-0.0024,True,0.0,NA,NA,0.0806,0.0,"[0.0806, 0, 0]","[0, 0, 0]",model_intercept_sd_zero,
M1,24,100,0.6,0.1,0.3,0.02,21,92641020,0.5920653467008659,2.2576436716515538,False,0.04550642571119628,0.9510787840938333,0.23412062117213198,True,True,boundary (singular) fit: see help('isSingular'),0.0535,0.105,0.6101,-0.1522,0.2593,False,-0.0465,True,0.0,7.0392e-06,NaN,0.0446,0.0,"[0.0446, 0, 7.0392e-06, 0]","[0, 0, ""-Inf"", 0]",model_slope_sd_zero,
M2,24,100,0.6,0.1,0.3,0.02,21,92641020,0.5920653467008659,2.2576436716515538,False,0.04550642571119628,0.9510787840938333,0.23412062117213198,True,True,boundary (singular) fit: see help('isSingular'),0.0535,0.105,0.6101,-0.1522,0.2593,False,-0.0465,True,0.0,NA,NA,0.0446,0.0,"[0.0446, 0, 0]","[0, 0, 0]",model_intercept_sd_zero,
M1,24,100,0.6,0.1,0.3,0.02,22,92641021,0.618110256070014,2.0386269755375324,False,0.06299115383740109,0.9578507437442807,-0.0314378576948715,True,True,boundary (singular) fit: see help('isSingular'),0.1344,0.1107,0.2247,-0.0826,0.3514,False,0.0344,True,0.1203,0.0941,-1,0.0,-8.6736e-19,"[0, 0.1203, -0.0941, 0]","[0, 0, ""-Inf"", 0]",model_corr_boundary,
M2,24,100,0.6,0.1,0.3,0.02,22,92641021,0.618110256070014,2.0386269755375324,False,0.06299115383740109,0.9578507437442807,-0.0314378576948715,True,True,boundary (singular) fit: see help('isSingular'),0.1347,0.1087,0.2152,-0.0783,0.3476,False,0.0347,True,0.0442,NA,NA,0.0,0.002,"[0, 0.0442, 0]","[0, 0, 0]",item_intercept_sd_zero,
M1,24,100,0.6,0.1,0.3,0.02,23,92641022,0.5994182938117462,1.8924255164114197,False,0.049153415519507915,0.9278108202623199,0.474810924802651,True,True,boundary (singular) fit: see help('isSingular'),0.0934,0.1068,0.3818,-0.1159,0.3027,False,-0.0066,True,0.0,0.0517,NaN,0.0544,0.0,"[0.0544, 0, -0.0252, 0.0452]","[0, 0, ""-Inf"", 0]",model_intercept_sd_zero,
M2,24,100,0.6,0.1,0.3,0.02,23,92641022,0.5994182938117462,1.8924255164114197,False,0.049153415519507915,0.9278108202623199,0.474810924802651,True,True,boundary (singular) fit: see help('isSingular'),0.0922,0.1064,0.3862,-0.1163,0.3006,False,-0.0078,True,0.0738,NA,NA,0.0562,0.0054,"[0.0562, 0.0738, 0]","[0, 0, 0]",other_boundary,
M1,24,100,0.6,0.1,0.3,0.02,24,92641023,0.601537676238332,1.694092294355897,False,0.09578847772837275,0.9086627131626155,0.6853998066945868,True,True,boundary (singular) fit: see help('isSingular'),0.0837,0.1123,0.4561,-0.1365,0.3039,False,-0.0163,True,0.0024,0.1788,1,0.0,5.3317e-13,"[0, 0.0024, 0.1788, 0.0001]","[0, 0, ""-Inf"", 0]",model_corr_boundary,
M2,24,100,0.6,0.1,0.3,0.02,24,92641023,0.601537676238332,1.694092294355897,False,0.09578847772837275,0.9086627131626155,0.6853998066945868,True,True,boundary (singular) fit: see help('isSingular'),0.0837,0.1125,0.4566,-0.1368,0.3043,False,-0.0163,True,0.0,NA,NA,0.0,0.0,"[0, 0, 0.1811]","[0, 0, 0]",model_intercept_sd_zero,
M1,24,100,0.6,0.1,0.3,0.02,25,92641024,0.5679601350545291,1.9864574849417185,False,0.07991946675890706,0.9539298351788831,0.4169596255319688,True,True,boundary (singular) fit: see help('isSingular'),-0.0024,0.1124,0.9826,-0.2227,0.2178,False,-0.1024,True,0.0,0.208,NaN,0.0816,0.0,"[0.0816, 0, -0.208, 0.0016]","[0, 0, ""-Inf"", 0]",model_intercept_sd_zero,
M2,24,100,0.6,0.1,0.3,0.02,25,92641024,0.5679601350545291,1.9864574849417185,False,0.07991946675890706,0.9539298351788831,0.4169596255319688,True,False,,-0.0035,0.1121,0.9752,-0.2232,0.2162,False,-0.1035,True,0.0555,NA,NA,0.0824,0.0031,"[0.0824, 0.0555, 0.1997]","[0, 0, 0]",non_singular,
M1,24,100,0.6,0.1,0.3,0.02,26,92641025,0.6052090586208817,2.106458508746096,False,0.0829449400469052,0.9654170934123193,0.3352028881478901,True,True,boundary (singular) fit: see help('isSingular'),0.2296,0.1185,0.0527,-0.0027,0.4619,False,0.1296,True,0.0,0.2212,NaN,0.177,0.0,"[0.177, 0, -0.2197, 0.0254]","[0, 0, ""-Inf"", 0]",model_intercept_sd_zero,
M2,24,100,0.6,0.1,0.3,0.02,26,92641025,0.6052090586208817,2.106458508746096,False,0.0829449400469052,0.9654170934123193,0.3352028881478901,True,True,boundary (singular) fit: see help('isSingular'),0.2296,0.1185,0.0527,-0.0027,0.4619,False,0.1296,True,0.0,NA,NA,0.177,0.0,"[0.177, 0, 0.2212]","[0, 0, 0]",model_intercept_sd_zero,
M1,24,100,0.6,0.1,0.3,0.02,27,92641026,0.6023587303464699,2.01517361816056,False,0.04176921361534209,0.9345721320158021,0.4651746242344469,True,True,boundary (singular) fit: see help('isSingular'),0.0711,0.1109,0.5216,-0.1463,0.2885,False,-0.0289,True,0.116,0.1366,-1,0.0,0.0,"[0, 0.116, -0.1366, 0]","[0, 0, ""-Inf"", 0]",model_corr_boundary,
M2,24,100,0.6,0.1,0.3,0.02,27,92641026,0.6023587303464699,2.01517361816056,False,0.04176921361534209,0.9345721320158021,0.4651746242344469,True,True,boundary (singular) fit: see help('isSingular'),0.0647,0.1064,0.543,-0.1439,0.2734,False,-0.0353,True,0.0,NA,NA,0.0,0.0,"[0, 0, 0]","[0, 0, 0]",model_intercept_sd_zero,
M1,24,100,0.6,0.1,0.3,0.02,28,92641027,0.6092243209638193,1.7977033421683837,False,0.07031685834203713,0.8913080988563208,0.3896847576208419,True,True,boundary (singular) fit: see help('isSingular'),0.0971,0.107,0.3642,-0.1126,0.3068,False,-0.0029,True,0.0,8.1043e-08,NaN,0.104,0.0,"[0.104, 0, 8.1043e-08, 0]","[0, 0, ""-Inf"", 0]",model_slope_sd_zero,
M2,24,100,0.6,0.1,0.3,0.02,28,92641027,0.6092243209638193,1.7977033421683837,False,0.07031685834203713,0.8913080988563208,0.3896847576208419,True,True,boundary (singular) fit: see help('isSingular'),0.0971,0.107,0.3642,-0.1126,0.3068,False,-0.0029,True,0.0,NA,NA,0.104,0.0,"[0.104, 0, 0]","[0, 0, 0]",model_intercept_sd_zero,
M1,24,100,0.6,0.1,0.3,0.02,29,92641028,0.6091564281456975,2.107921641593436,False,0.04585573024340078,0.9417215860833937,0.08961609519695166,True,True,boundary (singular) fit: see help('isSingular'),0.1687,0.1112,0.1294,-0.0493,0.3867,False,0.0687,True,0.0,0.1337,NaN,0.0,0.0,"[0, 0, 0.1238, 0.0505]","[0, 0, ""-Inf"", 0]",model_intercept_sd_zero,
M2,24,100,0.6,0.1,0.3,0.02,29,92641028,0.6091564281456975,2.107921641593436,False,0.04585573024340078,0.9417215860833937,0.08961609519695166,True,True,boundary (singular) fit: see help('isSingular'),0.1687,0.1112,0.1294,-0.0493,0.3867,False,0.0687,True,0.0,NA,NA,0.0,0.0,"[0, 0, 0.1337]","[0, 0, 0]",model_intercept_sd_zero,
M1,24,100,0.6,0.1,0.3,0.02,30,92641029,0.5893093214131384,2.195889106732757,False,0.05956202282366742,0.957940665228698,0.4423109151939187,True,True,boundary (singular) fit: see help('isSingular'),0.1205,0.1142,0.2913,-0.1034,0.3444,False,0.0205,True,0.0,0.2069,NaN,0.0997,0.0,"[0.0997, 0, -0.2053, 0.0258]","[0, 0, ""-Inf"", 0]",model_intercept_sd_zero,
M2,24,100,0.6,0.1,0.3,0.02,30,92641029,0.5893093214131384,2.195889106732757,False,0.05956202282366742,0.957940665228698,0.4423109151939187,True,True,boundary (singular) fit: see help('isSingular'),0.1205,0.1142,0.2913,-0.1034,0.3444,False,0.0205,True,2.9158e-07,NA,NA,0.0997,8.5018e-14,"[0.0997, 2.9158e-07, 0.2069]","[0, 0, 0]",model_intercept_sd_zero,
M1,50,100,0.6,0.1,0.3,0.02,1,92667000,0.5974284023846684,2.0100663704662405,False,0.05502852895998288,0.9512530446572217,0.44307286744893537,True,True,boundary (singular) fit: see help('isSingular'),0.1767,0.0735,0.0162,0.0327,0.3207,True,0.0767,True,1.1225e-07,9.7472e-07,0.2176,1.8323e-07,1.1996e-14,"[1.8323e-07, 1.1225e-07, 2.1208e-07, 9.5137e-07]","[0, 0, ""-Inf"", 0]",model_slope_sd_zero,
M2,50,100,0.6,0.1,0.3,0.02,1,92667000,0.5974284023846684,2.0100663704662405,False,0.05502852895998288,0.9512530446572217,0.44307286744893537,True,True,boundary (singular) fit: see help('isSingular'),0.1767,0.0735,0.0162,0.0327,0.3207,True,0.0767,True,0.0,NA,NA,0.0,0.0,"[0, 0, 0]","[0, 0, 0]",model_intercept_sd_zero,
M1,50,100,0.6,0.1,0.3,0.02,2,92667001,0.5974314686830495,1.8673648736478148,False,0.058764088195986615,0.9381325940494181,0.2958310206142875,True,True,boundary (singular) fit: see help('isSingular'),0.0765,0.0737,0.2991,-0.0679,0.221,False,-0.0235,True,0.0326,0.0501,-1,0.0,0.0,"[0, 0.0326, -0.0501, 0]","[0, 0, ""-Inf"", 0]",model_corr_boundary,
M2,50,100,0.6,0.1,0.3,0.02,2,92667001,0.5974314686830495,1.8673648736478148,False,0.058764088195986615,0.9381325940494181,0.2958310206142875,True,True,boundary (singular) fit: see help('isSingular'),0.0769,0.0733,0.294,-0.0667,0.2206,False,-0.0231,True,1.0363e-07,NA,NA,0.0,1.0739e-14,"[0, 1.0363e-07, 0]","[0, 0, 0]",model_intercept_sd_zero,
M1,50,100,0.6,0.1,0.3,0.02,3,92667002,0.6410592376623553,1.7315870931983597,False,0.09240082153078467,0.9295611425836223,0.3479300338216458,True,True,boundary (singular) fit: see help('isSingular'),-0.0207,0.0777,0.7898,-0.1731,0.1316,False,-0.1207,True,0.0166,0.0787,1,0.1365,5.421e-20,"[0.1365, 0.0166, 0.0787, 0]","[0, 0, ""-Inf"", 0]",model_corr_boundary,
M2,50,100,0.6,0.1,0.3,0.02,3,92667002,0.6410592376623553,1.7315870931983597,False,0.09240082153078467,0.9295611425836223,0.3479300338216458,True,True,boundary (singular) fit: see help('isSingular'),-0.0205,0.0782,0.7933,-0.1737,0.1327,False,-0.1205,True,3.1907e-07,NA,NA,0.1363,1.0181e-13,"[0.1363, 3.1907e-07, 0.0952]","[0, 0, 0]",model_intercept_sd_zero,
M1,50,100,0.6,0.1,0.3,0.02,4,92667003,0.5845543018279289,1.6686700935631416,False,0.08007643931718526,0.9244172284240247,0.06432254580892736,True,True,boundary (singular) fit: see help('isSingular'),0.0349,0.0726,0.6308,-0.1075,0.1773,False,-0.0651,True,0.0,1.3565e-07,NaN,0.0,0.0,"[0, 0, -1.3565e-07, 0]","[0, 0, ""-Inf"", 0]",model_slope_sd_zero,
M2,50,100,0.6,0.1,0.3,0.02,4,92667003,0.5845543018279289,1.6686700935631416,False,0.08007643931718526,0.9244172284240247,0.06432254580892736,True,True,boundary (singular) fit: see help('isSingular'),0.0349,0.0726,0.6308,-0.1075,0.1773,False,-0.0651,True,0.0,NA,NA,2e-07,0.0,"[2e-07, 0, 0]","[0, 0, 0]",model_intercept_sd_zero,
M1,50,100,0.6,0.1,0.3,0.02,5,92667004,0.5986519708246536,1.8405740858140571,False,0.06791173634937098,0.9374484711786907,0.1430118639408942,True,True,boundary (singular) fit: see help('isSingular'),0.2249,0.0788,0.0043,0.0705,0.3793,True,0.1249,True,0.0,0.1847,NaN,0.0,0.0,"[0, 0, -0.1723, 0.0666]","[0, 0, ""-Inf"", 0]",model_intercept_sd_zero,
M2,50,100,0.6,0.1,0.3,0.02,5,92667004,0.5986519708246536,1.8405740858140571,False,0.06791173634937098,0.9374484711786907,0.1430118639408942,True,True,boundary (singular) fit: see help('isSingular'),0.2223,0.0757,0.0033,0.0738,0.3707,True,0.1223,True,0.1393,NA,NA,8.7003e-08,0.0194,"[8.7003e-08, 0.1393, 0.1101]","[0, 0, 0]",item_intercept_sd_zero,
M1,50,100,0.6,0.1,0.3,0.02,6,92667005,0.6054832528520314,2.246597644504505,False,0.05238575789898144,0.9717695268461406,0.37421013118469404,True,True,boundary (singular) fit: see help('isSingular'),0.0915,0.0749,0.222,-0.0553,0.2383,False,-0.0085,True,0.125,0.0805,-1,0.0,0.0,"[0, 0.125, -0.0805, 0]","[0, 0, ""-Inf"", 0]",model_corr_boundary,
M2,50,100,0.6,0.1,0.3,0.02,6,92667005,0.6054832528520314,2.246597644504505,False,0.05238575789898144,0.9717695268461406,0.37421013118469404,True,True,boundary (singular) fit: see help('isSingular'),0.0915,0.0739,0.2159,-0.0534,0.2364,False,-0.0085,True,0.0782,NA,NA,0.0,0.0061,"[0, 0.0782, 0]","[0, 0, 0]",item_intercept_sd_zero,
M1,50,100,0.6,0.1,0.3,0.02,7,92667006,0.5898220015541713,2.112072468437555,False,0.06936510897541358,0.9735879015314327,0.3565567833971575,True,True,boundary (singular) fit: see help('isSingular'),0.067,0.0729,0.3581,-0.0759,0.2098,False,-0.033,True,0.0,1.6205e-06,1,0.0632,4.039e-28,"[0.0632, 0, 1.6205e-06, 0]","[0, 0, ""-Inf"", 0]",model_slope_sd_zero,
M2,50,100,0.6,0.1,0.3,0.02,7,92667006,0.5898220015541713,2.112072468437555,False,0.06936510897541358,0.9735879015314327,0.3565567833971575,True,True,boundary (singular) fit: see help('isSingular'),0.067,0.0729,0.3582,-0.0759,0.2098,False,-0.033,True,0.0,NA,NA,0.0632,5.1051e-10,"[0.0632, 0, 0]","[0, 0, 0]",model_intercept_sd_zero,
M1,50,100,0.6,0.1,0.3,0.02,8,92667007,0.6110948932037227,1.8242731956452025,False,0.058577249198783744,0.9179212912476528,0.26854027964027954,True,False,,0.0814,0.0808,0.3139,-0.077,0.2397,False,-0.0186,True,0.0568,0.1905,-0.9886,0.1629,0.0001,"[0.1629, 0.0568, -0.1883, 0.0287]","[0, 0, ""-Inf"", 0]",non_singular,
M2,50,100,0.6,0.1,0.3,0.02,8,92667007,0.6110948932037227,1.8242731956452025,False,0.058577249198783744,0.9179212912476528,0.26854027964027954,True,True,boundary (singular) fit: see help('isSingular'),0.0797,0.0776,0.3044,-0.0724,0.2317,False,-0.0203,True,0.0,NA,NA,0.1631,0.0,"[0.1631, 0, 0.1338]","[0, 0, 0]",model_intercept_sd_zero,
M1,50,100,0.6,0.1,0.3,0.02,9,92667008,0.6062464492694276,1.825452762090182,False,0.08546797683855625,0.9483399041357787,0.13116526222415,True,True,boundary (singular) fit: see help('isSingular'),0.0448,0.0739,0.5442,-0.1,0.1896,False,-0.0552,True,8.1527e-07,5.505e-06,-1,0.0582,0.0,"[0.0582, 8.1527e-07, -5.505e-06, 0]","[0, 0, ""-Inf"", 0]",model_slope_sd_zero,
M2,50,100,0.6,0.1,0.3,0.02,9,92667008,0.6062464492694276,1.825452762090182,False,0.08546797683855625,0.9483399041357787,0.13116526222415,True,True,boundary (singular) fit: see help('isSingular'),0.0448,0.0739,0.5442,-0.1,0.1896,False,-0.0552,True,0.0,NA,NA,0.0582,0.0,"[0.0582, 0, 0]","[0, 0, 0]",model_intercept_sd_zero,
M1,50,100,0.6,0.1,0.3,0.02,10,92667009,0.6091480335593464,2.041999923143989,False,0.06297243657495057,0.9602053341362541,0.1379789023936487,True,True,boundary (singular) fit: see help('isSingular'),0.1462,0.074,0.0481,0.0012,0.2911,True,0.0462,True,0.0,1.4255e-06,NaN,0.0,0.0,"[0, 0, 1.4255e-06, 0]","[0, 0, ""-Inf"", 0]",model_slope_sd_zero,
M2,50,100,0.6,0.1,0.3,0.02,10,92667009,0.6091480335593464,2.041999923143989,False,0.06297243657495057,0.9602053341362541,0.1379789023936487,True,True,boundary (singular) fit: see help('isSingular'),0.1462,0.074,0.0481,0.0012,0.2911,True,0.0462,True,0.0,NA,NA,0.0,0.0,"[0, 0, 0]","[0, 0, 0]",model_intercept_sd_zero,
M1,50,100,0.6,0.1,0.3,0.02,11,92667010,0.5967601818094318,1.6821025402511005,False,0.09163427336041756,0.9335205151763646,0.3287910724646294,True,True,boundary (singular) fit: see help('isSingular'),0.1211,0.073,0.0972,-0.022,0.2643,False,0.0211,True,0.0,3.6917e-07,NaN,0.0,0.0,"[0, 0, -3.6917e-07, 0]","[0, 0, ""-Inf"", 0]",model_slope_sd_zero,
M2,50,100,0.6,0.1,0.3,0.02,11,92667010,0.5967601818094318,1.6821025402511005,False,0.09163427336041756,0.9335205151763646,0.3287910724646294,True,True,boundary (singular) fit: see help('isSingular'),0.1211,0.073,0.0972,-0.022,0.2643,False,0.0211,True,2.5528e-08,NA,NA,4.3419e-07,6.5166e-16,"[4.3419e-07, 2.5528e-08, 1.4158e-07]","[0, 0, 0]",model_intercept_sd_zero,
M1,50,100,0.6,0.1,0.3,0.02,12,92667011,0.5930636674072208,1.9007105454661628,False,0.0549451123992508,0.9345236327883819,0.3040362946485236,True,True,boundary (singular) fit: see help('isSingular'),0.0724,0.0838,0.3875,-0.0918,0.2367,False,-0.0276,True,0.1359,0.2728,-0.9405,0.0,0.0017,"[0, 0.1359, -0.2566, 0.0927]","[0, 0, ""-Inf"", 0]",item_intercept_sd_zero,
M2,50,100,0.6,0.1,0.3,0.02,12,92667011,0.5930636674072208,1.9007105454661628,False,0.0549451123992508,0.9345236327883819,0.3040362946485236,True,True,boundary (singular) fit: see help('isSingular'),0.066,0.0761,0.3858,-0.0831,0.2151,False,-0.034,True,0.0452,NA,NA,0.0,0.002,"[0, 0.0452, 0.1442]","[0, 0, 0]",item_intercept_sd_zero,
M1,50,100,0.6,0.1,0.3,0.02,13,92667012,0.6009843959457315,1.8771701888131092,False,0.04673870932410379,0.9216724608678741,0.29686672884311266,True,True,boundary (singular) fit: see help('isSingular'),0.0798,0.0742,0.2821,-0.0656,0.2252,False,-0.0202,True,1.294e-06,1.6576e-06,-1,0.0847,-2.0195e-28,"[0.0847, 1.294e-06, -1.6576e-06, 0]","[0, 0, ""-Inf"", 0]",model_slope_sd_zero,
M2,50,100,0.6,0.1,0.3,0.02,13,92667012,0.6009843959457315,1.8771701888131092,False,0.04673870932410379,0.9216724608678741,0.29686672884311266,True,True,boundary (singular) fit: see help('isSingular'),0.0798,0.0742,0.2821,-0.0656,0.2252,False,-0.0202,True,0.0,NA,NA,0.0847,0.0,"[0.0847, 0, 0]","[0, 0, 0]",model_intercept_sd_zero,
M1,50,100,0.6,0.1,0.3,0.02,14,92667013,0.5914489981982701,2.095401130542115,False,0.03524816766887193,0.9461661583608258,0.2326145598300961,True,True,boundary (singular) fit: see help('isSingular'),0.0753,0.0759,0.321,-0.0734,0.2241,False,-0.0247,True,0.0,0.1275,NaN,4.7928e-07,0.0,"[4.7928e-07, 0, -0.1258, 0.0207]","[0, 0, ""-Inf"", 0]",model_intercept_sd_zero,
M2,50,100,0.6,0.1,0.3,0.02,14,92667013,0.5914489981982701,2.095401130542115,False,0.03524816766887193,0.9461661583608258,0.2326145598300961,True,True,boundary (singular) fit: see help('isSingular'),0.0753,0.0759,0.321,-0.0734,0.2241,False,-0.0247,True,0.0,NA,NA,0.0,0.0,"[0, 0, 0.1275]","[0, 0, 0]",model_intercept_sd_zero,
M1,50,100,0.6,0.1,0.3,0.02,15,92667014,0.6078428481584369,1.7439682124950249,False,0.07368796551149435,0.9344676684597742,0.30685631708025746,True,True,boundary (singular) fit: see help('isSingular'),0.1172,0.0768,0.1269,-0.0333,0.2678,False,0.0172,True,0.0,0.1343,NaN,0.1022,0.0,"[0.1022, 0, -0.1253, 0.0483]","[0, 0, ""-Inf"", 0]",model_intercept_sd_zero,
M2,50,100,0.6,0.1,0.3,0.02,15,92667014,0.6078428481584369,1.7439682124950249,False,0.07368796551149435,0.9344676684597742,0.30685631708025746,True,True,boundary (singular) fit: see help('isSingular'),0.1172,0.0768,0.1269,-0.0333,0.2678,False,0.0172,True,0.0,NA,NA,0.1022,0.0,"[0.1022, 0, 0.1343]","[0, 0, 0]",model_intercept_sd_zero,
M1,50,100,0.6,0.1,0.3,0.02,16,92667015,0.6104503722954134,1.9710249884486308,False,0.028896432965600977,0.9144408273472906,0.3079380166841653,True,True,boundary (singular) fit: see help('isSingular'),0.2141,0.0744,0.004,0.0682,0.36,True,0.1141,True,0.0,5.2693e-07,NaN,0.0993,0.0,"[0.0993, 0, -4.8897e-07, 1.9639e-07]","[0, 0, ""-Inf"", 0]",model_slope_sd_zero,
M2,50,100,0.6,0.1,0.3,0.02,16,92667015,0.6104503722954134,1.9710249884486308,False,0.028896432965600977,0.9144408273472906,0.3079380166841653,True,True,boundary (singular) fit: see help('isSingular'),0.2141,0.0744,0.004,0.0682,0.36,True,0.1141,True,0.0,NA,NA,0.0993,0.0,"[0.0993, 0, 0]","[0, 0, 0]",model_intercept_sd_zero,
M1,50,100,0.6,0.1,0.3,0.02,17,92667016,0.5985632004569945,1.8576312176105447,False,0.047994540251963876,0.9198161758876274,0.26577444999640504,True,True,boundary (singular) fit: see help('isSingular'),0.2777,0.0731,0.0001,0.1344,0.421,True,0.1777,False,0.0,1.0121e-08,NaN,0.0,0.0,"[0, 0, -1.0121e-08, 0]","[0, 0, ""-Inf"", 0]",model_slope_sd_zero,
M2,50,100,0.6,0.1,0.3,0.02,17,92667016,0.5985632004569945,1.8576312176105447,False,0.047994540251963876,0.9198161758876274,0.26577444999640504,True,True,boundary (singular) fit: see help('isSingular'),0.2777,0.0731,0.0001,0.1344,0.421,True,0.1777,False,0.0,NA,NA,0.0,0.0,"[0, 0, 0]","[0, 0, 0]",model_intercept_sd_zero,
M1,50,100,0.6,0.1,0.3,0.02,18,92667017,0.6105685577512825,1.9341650884735937,False,0.04358613511628344,0.9350991730512764,0.3450731010569946,True,True,boundary (singular) fit: see help('isSingular'),0.1162,0.0777,0.135,-0.0362,0.2685,False,0.0162,True,0.1473,0.1422,-1,0.064,-1.7347e-18,"[0.064, 0.1473, -0.1422, 0]","[0, 0, ""-Inf"", 0]",model_corr_boundary,
M2,50,100,0.6,0.1,0.3,0.02,18,92667017,0.6105685577512825,1.9341650884735937,False,0.04358613511628344,0.9350991730512764,0.3450731010569946,True,True,boundary (singular) fit: see help('isSingular'),0.1184,0.0744,0.1115,-0.0274,0.2642,False,0.0184,True,0.0766,NA,NA,0.0627,0.0059,"[0.0627, 0.0766, 0]","[0, 0, 0]",other_boundary,
M1,50,100,0.6,0.1,0.3,0.02,19,92667018,0.6053556406237766,1.9990739988302322,False,0.05048617905122925,0.9470055622383149,0.15445024756062786,True,True,boundary (singular) fit: see help('isSingular'),0.0473,0.074,0.523,-0.0978,0.1923,False,-0.0527,True,0.0167,0.0072,-1,0.1312,2.4554e-14,"[0.1312, 0.0167, -0.0072, 1.7078e-07]","[0, 0, ""-Inf"", 0]",model_corr_boundary,
M2,50,100,0.6,0.1,0.3,0.02,19,92667018,0.6053556406237766,1.9990739988302322,False,0.05048617905122925,0.9470055622383149,0.15445024756062786,True,True,boundary (singular) fit: see help('isSingular'),0.0473,0.074,0.5225,-0.0977,0.1924,False,-0.0527,True,0.0,NA,NA,0.1312,0.0,"[0.1312, 0, 0]","[0, 0, 0]",model_intercept_sd_zero,
M1,50,100,0.6,0.1,0.3,0.02,20,92667019,0.6000727034386846,2.1977991324368693,False,0.042910952207961976,0.955418666903549,0.3901874959638337,True,True,boundary (singular) fit: see help('isSingular'),0.2111,0.0744,0.0046,0.0653,0.357,True,0.1111,True,0.0771,0.0654,-1,0.0902,0.0,"[0.0902, 0.0771, -0.0654, 0]","[0, 0, ""-Inf"", 0]",model_corr_boundary,
M2,50,100,0.6,0.1,0.3,0.02,20,92667019,0.6000727034386846,2.1977991324368693,False,0.042910952207961976,0.955418666903549,0.3901874959638337,True,True,boundary (singular) fit: see help('isSingular'),0.2103,0.0736,0.0043,0.066,0.3546,True,0.1103,True,0.0,NA,NA,0.09,0.0,"[0.09, 0, 0]","[0, 0, 0]",model_intercept_sd_zero,
M1,50,100,0.6,0.1,0.3,0.02,21,92667020,0.5938298005473445,1.812348511982152,False,0.07040740130574205,0.9329190372779539,0.22388451400317078,True,True,boundary (singular) fit: see help('isSingular'),0.0867,0.0732,0.2366,-0.0569,0.2302,False,-0.0133,True,0.0831,0.0299,-1,0.0,0.0,"[0, 0.0831, -0.0299, 0]","[0, 0, ""-Inf"", 0]",model_corr_boundary,
M2,50,100,0.6,0.1,0.3,0.02,21,92667020,0.5938298005473445,1.812348511982152,False,0.07040740130574205,0.9329190372779539,0.22388451400317078,True,True,boundary (singular) fit: see help('isSingular'),0.0878,0.0731,0.2294,-0.0554,0.231,False,-0.0122,True,0.0654,NA,NA,2.9621e-07,0.0043,"[2.9621e-07, 0.0654, 0]","[0, 0, 0]",item_intercept_sd_zero,
M1,50,100,0.6,0.1,0.3,0.02,22,92667021,0.6092362120729063,1.6589002041524759,False,0.07423513557691916,0.8959896922909457,0.43757804563735275,True,True,boundary (singular) fit: see help('isSingular'),0.1169,0.0748,0.1182,-0.0297,0.2635,False,0.0169,True,0.0,0.0584,NaN,0.0,0.0,"[0, 0, -0.0563, 0.0152]","[0, 0, ""-Inf"", 0]",model_intercept_sd_zero,
M2,50,100,0.6,0.1,0.3,0.02,22,92667021,0.6092362120729063,1.6589002041524759,False,0.07423513557691916,0.8959896922909457,0.43757804563735275,True,True,boundary (singular) fit: see help('isSingular'),0.1169,0.0748,0.1181,-0.0297,0.2635,False,0.0169,True,0.0,NA,NA,0.0,0.0,"[0, 0, 0.0584]","[0, 0, 0]",model_intercept_sd_zero,
M1,50,100,0.6,0.1,0.3,0.02,23,92667022,0.6097388748454147,1.900828905841775,False,0.08309327102657559,0.9593562035485781,0.21247582068499085,True,True,boundary (singular) fit: see help('isSingular'),0.0464,0.078,0.5517,-0.1064,0.1993,False,-0.0536,True,0.0844,0.1475,-1,0.1129,8.6736e-19,"[0.1129, 0.0844, -0.1475, 0]","[0, 0, ""-Inf"", 0]",model_corr_boundary,
M2,50,100,0.6,0.1,0.3,0.02,23,92667022,0.6097388748454147,1.900828905841775,False,0.08309327102657559,0.9593562035485781,0.21247582068499085,True,True,boundary (singular) fit: see help('isSingular'),0.0442,0.0745,0.5529,-0.1019,0.1903,False,-0.0558,True,0.0,NA,NA,0.1131,0.0,"[0.1131, 0, 0]","[0, 0, 0]",model_intercept_sd_zero,
M1,50,100,0.6,0.1,0.3,0.02,24,92667023,0.6030667693257087,2.068379879316475,False,0.05656389661597892,0.9608536793345628,0.26741057581068844,True,True,boundary (singular) fit: see help('isSingular'),0.2033,0.077,0.0083,0.0523,0.3542,True,0.1033,True,0.1103,0.1387,-1,0.0,0.0,"[0, 0.1103, -0.1387, 0]","[0, 0, ""-Inf"", 0]",model_corr_boundary,
M2,50,100,0.6,0.1,0.3,0.02,24,92667023,0.6030667693257087,2.068379879316475,False,0.05656389661597892,0.9608536793345628,0.26741057581068844,True,True,boundary (singular) fit: see help('isSingular'),0.2039,0.0739,0.0058,0.0591,0.3488,True,0.1039,True,0.0391,NA,NA,0.0,0.0015,"[0, 0.0391, 0]","[0, 0, 0]",item_intercept_sd_zero,
M1,50,100,0.6,0.1,0.3,0.02,25,92667024,0.5974780114193067,1.9966477554153201,False,0.053571909248262946,0.9500590130132262,0.6840595302763312,True,True,boundary (singular) fit: see help('isSingular'),-0.0613,0.0787,0.4365,-0.2155,0.093,False,-0.1613,False,0.0,0.179,NaN,0.1157,0.0,"[0.1157, 0, -0.1756, 0.0346]","[0, 0, ""-Inf"", 0]",model_intercept_sd_zero,
M2,50,100,0.6,0.1,0.3,0.02,25,92667024,0.5974780114193067,1.9966477554153201,False,0.053571909248262946,0.9500590130132262,0.6840595302763312,True,True,boundary (singular) fit: see help('isSingular'),-0.069,0.0741,0.3521,-0.2142,0.0763,False,-0.169,False,0.1879,NA,NA,0.1201,0.0353,"[0.1201, 0.1879, 0]","[0, 0, 0]",other_boundary,
M1,50,100,0.6,0.1,0.3,0.02,26,92667025,0.5980855207902515,2.093145383428598,True,0.06762320829459101,0.9730514857204995,0.2840921877393168,True,True,boundary (singular) fit: see help('isSingular'),0.2119,0.0748,0.0046,0.0653,0.3584,True,0.1119,True,0.0262,0.0819,1,6.3733e-08,0.0,"[6.3733e-08, 0.0262, 0.0819, 0]","[0, 0, ""-Inf"", 0]",model_corr_boundary,
M2,50,100,0.6,0.1,0.3,0.02,26,92667025,0.5980855207902515,2.093145383428598,True,0.06762320829459101,0.9730514857204995,0.2840921877393168,True,True,boundary (singular) fit: see help('isSingular'),0.212,0.0755,0.005,0.064,0.3599,True,0.112,True,0.0,NA,NA,0.0,0.0,"[0, 0, 0.1045]","[0, 0, 0]",model_intercept_sd_zero,
M1,50,100,0.6,0.1,0.3,0.02,27,92667026,0.6083146265244376,1.9797832507442057,False,0.059758222531234244,0.9493941307649653,0.1305572073083002,True,True,boundary (singular) fit: see help('isSingular'),0.0986,0.0761,0.1952,-0.0506,0.2478,False,-0.0014,True,0.0,0.1123,NaN,0.0,0.0,"[0, 0, -0.1108, 0.0186]","[0, 0, ""-Inf"", 0]",model_intercept_sd_zero,
M2,50,100,0.6,0.1,0.3,0.02,27,92667026,0.6083146265244376,1.9797832507442057,False,0.059758222531234244,0.9493941307649653,0.1305572073083002,True,True,boundary (singular) fit: see help('isSingular'),0.0986,0.0761,0.1952,-0.0506,0.2478,False,-0.0014,True,0.0,NA,NA,0.0,0.0,"[0, 0, 0.1123]","[0, 0, 0]",model_intercept_sd_zero,
M1,50,100,0.6,0.1,0.3,0.02,28,92667027,0.6023892490950536,2.0078100829611145,False,0.03273051767304223,0.915916945403495,0.26293423550654593,True,True,boundary (singular) fit: see help('isSingular'),0.038,0.077,0.6214,-0.1129,0.189,False,-0.062,True,0.0632,0.1544,-1,0.0,4.3368e-19,"[0, 0.0632, -0.1544, 0]","[0, 0, ""-Inf"", 0]",model_corr_boundary,
M2,50,100,0.6,0.1,0.3,0.02,28,92667027,0.6023892490950536,2.0078100829611145,False,0.03273051767304223,0.915916945403495,0.26293423550654593,True,True,boundary (singular) fit: see help('isSingular'),0.0373,0.0741,0.6146,-0.108,0.1826,False,-0.0627,True,0.0,NA,NA,0.0,0.0,"[0, 0, 0.0725]","[0, 0, 0]",model_intercept_sd_zero,
M1,50,100,0.6,0.1,0.3,0.02,29,92667028,0.5957149485639365,1.955276506838979,False,0.0319344728840174,0.9124512004035357,0.27449337714433136,True,True,boundary (singular) fit: see help('isSingular'),0.0355,0.075,0.6365,-0.1116,0.1826,False,-0.0645,True,0.1195,0.0943,-1,0.0,0.0,"[0, 0.1195, -0.0943, 0]","[0, 0, ""-Inf"", 0]",model_corr_boundary,
M2,50,100,0.6,0.1,0.3,0.02,29,92667028,0.5957149485639365,1.955276506838979,False,0.0319344728840174,0.9124512004035357,0.27449337714433136,True,True,boundary (singular) fit: see help('isSingular'),0.0358,0.0734,0.6263,-0.1082,0.1797,False,-0.0642,True,0.0549,NA,NA,0.0,0.003,"[0, 0.0549, 0]","[0, 0, 0]",item_intercept_sd_zero,
M1,50,100,0.6,0.1,0.3,0.02,30,92667029,0.607520677474974,1.9467270914945916,False,0.04274808613218641,0.9362363588132749,0.13428413608966483,True,True,boundary (singular) fit: see help('isSingular'),0.1888,0.0795,0.0176,0.0329,0.3446,True,0.0888,True,0.094,0.1896,-1,0.074,8.6736e-19,"[0.074, 0.094, -0.1896, 0]","[0, 0, ""-Inf"", 0]",model_corr_boundary,
M2,50,100,0.6,0.1,0.3,0.02,30,92667029,0.607520677474974,1.9467270914945916,False,0.04274808613218641,0.9362363588132749,0.13428413608966483,True,True,boundary (singular) fit: see help('isSingular'),0.1818,0.0745,0.0148,0.0356,0.3279,True,0.0818,True,0.0,NA,NA,0.0745,0.0,"[0.0745, 0, 0.0693]","[0, 0, 0]",model_intercept_sd_zero,
