condition,rep,seed,model_spec,n_models,n_items,target_corr,true_effect,rho_model_true,slope_sd_true,tau_model_true,tau_item_true,fit_error,generated_rows,p_min,p_max,pct_below_low,pct_above_high,near_separation,realized_corr,gamma_x,rho_model_target,rho_model_realized,converged,singular,warnings,r_stderr,estimate,se,p_value,ci_low,ci_high,rejected_at_05,bias,ci_covers_truth,model_intercept_sd,model_slope_sd,model_intercept_slope_corr,item_intercept_sd,model_cov_min_eigenvalue,theta,theta_lower,singular_component_reported,singular_component_reclassified
s0p02_m0p03_i0p03,1,92619001,M1,24,100,0.6,0.1,0.3,0.02,0.03,0.03,,2400,0.06458117551894028,0.9463053727903175,0.0,0.0,False,0.6255616432355497,1.9535074039554474,0.3,0.2545568618191305,True,True,boundary (singular) fit: see help('isSingular'),boundary (singular) fit: see help('isSingular'),0.0263,0.1103,0.8116,-0.1899,0.2425,False,-0.0737,True,0.0,0.0606,,0.0509,0.0,"[0.0509, 0, -0.0593, 0.0128]","[0, 0, ""-Inf"", 0]",model_intercept_sd_zero,model_intercept_sd_zero
s0p02_m0p03_i0p15,1,92619001,M1,24,100,0.6,0.1,0.3,0.02,0.03,0.15,,2400,0.06458117551894028,0.9463053727903175,0.0,0.0,False,0.6255616432355497,1.9535074039554474,0.3,0.2545568618191305,True,True,boundary (singular) fit: see help('isSingular'),boundary (singular) fit: see help('isSingular'),0.0213,0.1098,0.8459,-0.1938,0.2365,False,-0.0787,True,0.0549,0.0243,1.0,0.0892,0.0,"[0.0892, 0.0549, 0.0243, 0]","[0, 0, ""-Inf"", 0]",model_corr_boundary,model_corr_boundary
s0p02_m0p15_i0p03,1,92619001,M1,24,100,0.6,0.1,0.3,0.02,0.15,0.03,,2400,0.06458117551894028,0.9463053727903175,0.0,0.0,False,0.6255616432355497,1.9535074039554474,0.3,0.2545568618191305,True,True,boundary (singular) fit: see help('isSingular'),boundary (singular) fit: see help('isSingular'),0.0596,0.1102,0.5887,-0.1564,0.2756,False,-0.0404,True,0.0847,0.0151,1.0,0.0,0.0,"[0, 0.0847, 0.0151, 0]","[0, 0, ""-Inf"", 0]",model_corr_boundary,model_corr_boundary
s0p02_m0p15_i0p15,1,92619001,M1,24,100,0.6,0.1,0.3,0.02,0.15,0.15,,2400,0.06458117551894028,0.9463053727903175,0.0,0.0,False,0.6255616432355497,1.9535074039554474,0.3,0.2545568618191305,True,True,boundary (singular) fit: see help('isSingular'),boundary (singular) fit: see help('isSingular'),0.0286,0.1113,0.7968,-0.1894,0.2467,False,-0.0714,True,0.1636,0.0581,-1.0,0.1357,1.5977e-15,"[0.1357, 0.1636, -0.0581, 4.242e-08]","[0, 0, ""-Inf"", 0]",model_corr_boundary,model_corr_boundary
s0p1_m0p03_i0p03,1,92619001,M1,24,100,0.6,0.1,0.3,0.1,0.03,0.03,,2400,0.06458117551894028,0.9463053727903175,0.0,0.0,False,0.6255616432355497,1.9535074039554474,0.3,0.25455686181913045,True,True,boundary (singular) fit: see help('isSingular'),boundary (singular) fit: see help('isSingular'),0.0312,0.1112,0.7793,-0.1868,0.2491,False,-0.0688,True,0.0,0.0841,,0.0586,0.0,"[0.0586, 0, -0.0523, 0.0659]","[0, 0, ""-Inf"", 0]",model_intercept_sd_zero,model_intercept_sd_zero
s0p1_m0p03_i0p15,1,92619001,M1,24,100,0.6,0.1,0.3,0.1,0.03,0.15,,2400,0.06458117551894028,0.9463053727903175,0.0,0.0,False,0.6255616432355497,1.9535074039554474,0.3,0.25455686181913045,True,True,boundary (singular) fit: see help('isSingular'),boundary (singular) fit: see help('isSingular'),0.0026,0.1097,0.9809,-0.2124,0.2177,False,-0.0974,True,0.0718,0.0158,1.0,0.1104,0.0,"[0.1104, 0.0718, 0.0158, 0]","[0, 0, ""-Inf"", 0]",model_corr_boundary,model_corr_boundary
s0p1_m0p15_i0p03,1,92619001,M1,24,100,0.6,0.1,0.3,0.1,0.15,0.03,,2400,0.06458117551894028,0.9463053727903175,0.0,0.0,False,0.6255616432355497,1.9535074039554474,0.3,0.25455686181913045,True,True,boundary (singular) fit: see help('isSingular'),boundary (singular) fit: see help('isSingular'),0.0593,0.1132,0.6005,-0.1626,0.2811,False,-0.0407,True,0.0,0.1161,,0.0286,0.0,"[0.0286, 0, -0.1161, 1.0795e-06]","[0, 0, ""-Inf"", 0]",model_intercept_sd_zero,model_intercept_sd_zero
s0p1_m0p15_i0p15,1,92619001,M1,24,100,0.6,0.1,0.3,0.1,0.15,0.15,,2400,0.06458117551894028,0.9463053727903175,0.0,0.0,False,0.6255616432355497,1.9535074039554474,0.3,0.25455686181913045,True,True,boundary (singular) fit: see help('isSingular'),boundary (singular) fit: see help('isSingular'),0.0441,0.1109,0.6906,-0.1732,0.2615,False,-0.0559,True,0.1732,0.0325,-1.0,0.1308,2.1684e-19,"[0.1308, 0.1732, -0.0325, 0]","[0, 0, ""-Inf"", 0]",model_corr_boundary,model_corr_boundary
s0p02_m0p03_i0p03,2,92619002,M1,24,100,0.6,0.1,0.3,0.02,0.03,0.03,,2400,0.05758821100781587,0.93181763003483,0.0,0.0,False,0.6003127737974744,2.0525079882167097,0.3,0.16104355535829612,True,True,boundary (singular) fit: see help('isSingular'),boundary (singular) fit: see help('isSingular'),-0.1269,0.1128,0.2606,-0.3479,0.0941,False,-0.2269,False,0.1488,0.1641,-1.0,0.0,0.0,"[0, 0.1488, -0.1641, 0]","[0, 0, ""-Inf"", 0]",model_corr_boundary,model_corr_boundary
s0p02_m0p03_i0p15,2,92619002,M1,24,100,0.6,0.1,0.3,0.02,0.03,0.15,,2400,0.05758821100781587,0.93181763003483,0.0,0.0,False,0.6003127737974744,2.0525079882167097,0.3,0.16104355535829612,True,True,boundary (singular) fit: see help('isSingular'),boundary (singular) fit: see help('isSingular'),-0.1381,0.1138,0.2248,-0.3612,0.0849,False,-0.2381,False,0.1531,0.1652,-1.0,0.1917,-1.7347e-18,"[0.1917, 0.1531, -0.1652, 0]","[0, 0, ""-Inf"", 0]",model_corr_boundary,model_corr_boundary
s0p02_m0p15_i0p03,2,92619002,M1,24,100,0.6,0.1,0.3,0.02,0.15,0.03,,2400,0.05758821100781587,0.93181763003483,0.0,0.0,False,0.6003127737974744,2.0525079882167097,0.3,0.16104355535829615,True,True,boundary (singular) fit: see help('isSingular'),boundary (singular) fit: see help('isSingular'),-0.108,0.1178,0.3594,-0.3389,0.1229,False,-0.208,True,0.2669,0.2181,-1.0,0.0102,1.8732e-14,"[0.0102, 0.2669, -0.2181, 1.7677e-07]","[0, 0, ""-Inf"", 0]",model_corr_boundary,model_corr_boundary
s0p02_m0p15_i0p15,2,92619002,M1,24,100,0.6,0.1,0.3,0.02,0.15,0.15,,2400,0.05758821100781587,0.93181763003483,0.0,0.0,False,0.6003127737974744,2.0525079882167097,0.3,0.16104355535829615,True,True,boundary (singular) fit: see help('isSingular'),boundary (singular) fit: see help('isSingular'),-0.1499,0.1218,0.2185,-0.3887,0.0889,False,-0.2499,False,0.2822,0.2512,-1.0,0.1486,6.9389e-18,"[0.1486, 0.2822, -0.2512, 0]","[0, 0, ""-Inf"", 0]",model_corr_boundary,model_corr_boundary
s0p1_m0p03_i0p03,2,92619002,M1,24,100,0.6,0.1,0.3,0.1,0.03,0.03,,2400,0.05758821100781587,0.93181763003483,0.0,0.0,False,0.6003127737974744,2.0525079882167097,0.3,0.16104355535829604,True,True,boundary (singular) fit: see help('isSingular'),boundary (singular) fit: see help('isSingular'),-0.0771,0.1147,0.5014,-0.3018,0.1477,False,-0.1771,True,0.1602,0.1874,-1.0,0.0099,0.0,"[0.0099, 0.1602, -0.1874, 0]","[0, 0, ""-Inf"", 0]",model_corr_boundary,model_corr_boundary
s0p1_m0p03_i0p15,2,92619002,M1,24,100,0.6,0.1,0.3,0.1,0.03,0.15,,2400,0.05758821100781587,0.93181763003483,0.0,0.0,False,0.6003127737974744,2.0525079882167097,0.3,0.16104355535829604,True,True,boundary (singular) fit: see help('isSingular'),boundary (singular) fit: see help('isSingular'),-0.1262,0.1147,0.2713,-0.3511,0.0987,False,-0.2262,False,0.1581,0.1763,-1.0,0.2065,0.0,"[0.2065, 0.1581, -0.1763, 0]","[0, 0, ""-Inf"", 0]",model_corr_boundary,model_corr_boundary
s0p1_m0p15_i0p03,2,92619002,M1,24,100,0.6,0.1,0.3,0.1,0.15,0.03,,2400,0.05758821100781587,0.93181763003483,0.0,0.0,False,0.6003127737974744,2.0525079882167097,0.3,0.16104355535829593,True,True,boundary (singular) fit: see help('isSingular'),boundary (singular) fit: see help('isSingular'),-0.0902,0.1143,0.4302,-0.3142,0.1339,False,-0.1902,True,0.2723,0.1742,-1.0,0.067,6.7654e-15,"[0.067, 0.2723, -0.1742, 9.7685e-08]","[0, 0, ""-Inf"", 0]",model_corr_boundary,model_corr_boundary
s0p1_m0p15_i0p15,2,92619002,M1,24,100,0.6,0.1,0.3,0.1,0.15,0.15,,2400,0.05758821100781587,0.93181763003483,0.0,0.0,False,0.6003127737974744,2.0525079882167097,0.3,0.16104355535829593,True,True,boundary (singular) fit: see help('isSingular'),boundary (singular) fit: see help('isSingular'),-0.1312,0.1211,0.2788,-0.3686,0.1062,False,-0.2312,True,0.2862,0.2436,-1.0,0.1412,0.0,"[0.1412, 0.2862, -0.2436, 0]","[0, 0, ""-Inf"", 0]",model_corr_boundary,model_corr_boundary
s0p02_m0p03_i0p03,3,92619003,M1,24,100,0.6,0.1,0.3,0.02,0.03,0.03,,2400,0.08818131015909737,0.9474730778706596,0.0,0.0,False,0.5981647431863538,1.8704745845620199,0.3,0.3224462976029862,True,True,boundary (singular) fit: see help('isSingular'),boundary (singular) fit: see help('isSingular'),-0.1191,0.1095,0.2768,-0.3336,0.0955,False,-0.2191,False,0.1188,0.1324,-1.0,0.0,1.7347e-18,"[0, 0.1188, -0.1324, 0]","[0, 0, ""-Inf"", 0]",model_corr_boundary,model_corr_boundary
s0p02_m0p03_i0p15,3,92619003,M1,24,100,0.6,0.1,0.3,0.02,0.03,0.15,,2400,0.08818131015909737,0.9474730778706596,0.0,0.0,False,0.5981647431863538,1.8704745845620199,0.3,0.3224462976029862,True,True,boundary (singular) fit: see help('isSingular'),boundary (singular) fit: see help('isSingular'),-0.0619,0.1132,0.5843,-0.2837,0.1599,False,-0.1619,True,0.1549,0.1812,-1.0,0.1852,1.7347e-18,"[0.1852, 0.1549, -0.1812, 0]","[0, 0, ""-Inf"", 0]",model_corr_boundary,model_corr_boundary
s0p02_m0p15_i0p03,3,92619003,M1,24,100,0.6,0.1,0.3,0.02,0.15,0.03,,2400,0.08818131015909737,0.9474730778706596,0.0,0.0,False,0.5981647431863538,1.8704745845620199,0.3,0.32244629760298615,True,True,boundary (singular) fit: see help('isSingular'),boundary (singular) fit: see help('isSingular'),-0.1359,0.1154,0.239,-0.3621,0.0903,False,-0.2359,False,0.2638,0.2112,-0.6492,2.0485e-07,0.0188,"[2.0485e-07, 0.2638, -0.1371, 0.1607]","[0, 0, ""-Inf"", 0]",item_intercept_sd_zero,item_intercept_sd_zero
s0p02_m0p15_i0p15,3,92619003,M1,24,100,0.6,0.1,0.3,0.02,0.15,0.15,,2400,0.08818131015909737,0.9474730778706596,0.0,0.0,False,0.5981647431863538,1.8704745845620199,0.3,0.32244629760298615,True,False,[],,-0.091,0.12,0.4481,-0.3263,0.1442,False,-0.191,True,0.2031,0.2499,-0.8207,0.0401,0.0089,"[0.0401, 0.2031, -0.2051, 0.1428]","[0, 0, ""-Inf"", 0]",non_singular,non_singular
s0p1_m0p03_i0p03,3,92619003,M1,24,100,0.6,0.1,0.3,0.1,0.03,0.03,,2400,0.08818131015909737,0.9474730778706596,0.0,0.0,False,0.5981647431863538,1.8704745845620199,0.3,0.32244629760298604,True,True,boundary (singular) fit: see help('isSingular'),boundary (singular) fit: see help('isSingular'),-0.0959,0.1137,0.3987,-0.3187,0.1268,False,-0.1959,True,0.1293,0.1925,-1.0,4.9556e-08,-1.7347e-18,"[4.9556e-08, 0.1293, -0.1925, 0]","[0, 0, ""-Inf"", 0]",model_corr_boundary,model_corr_boundary
s0p1_m0p03_i0p15,3,92619003,M1,24,100,0.6,0.1,0.3,0.1,0.03,0.15,,2400,0.08818131015909737,0.9474730778706596,0.0,0.0,False,0.5981647431863538,1.8704745845620199,0.3,0.32244629760298604,True,True,boundary (singular) fit: see help('isSingular'),boundary (singular) fit: see help('isSingular'),-0.0519,0.115,0.6517,-0.2774,0.1736,False,-0.1519,True,0.1587,0.2062,-1.0,0.161,0.0,"[0.161, 0.1587, -0.2062, 0]","[0, 0, ""-Inf"", 0]",model_corr_boundary,model_corr_boundary
s0p1_m0p15_i0p03,3,92619003,M1,24,100,0.6,0.1,0.3,0.1,0.15,0.03,,2400,0.08818131015909737,0.9474730778706596,0.0,0.0,False,0.5981647431863538,1.8704745845620199,0.3,0.32244629760298593,True,True,boundary (singular) fit: see help('isSingular'),boundary (singular) fit: see help('isSingular'),-0.0699,0.1176,0.5519,-0.3004,0.1605,False,-0.1699,True,0.2626,0.2304,-0.4773,9.1305e-08,0.0311,"[9.1305e-08, 0.2626, -0.11, 0.2025]","[0, 0, ""-Inf"", 0]",item_intercept_sd_zero,item_intercept_sd_zero
s0p1_m0p15_i0p15,3,92619003,M1,24,100,0.6,0.1,0.3,0.1,0.15,0.15,,2400,0.08818131015909737,0.9474730778706596,0.0,0.0,False,0.5981647431863538,1.8704745845620199,0.3,0.32244629760298593,True,True,boundary (singular) fit: see help('isSingular'),boundary (singular) fit: see help('isSingular'),-0.0784,0.1145,0.4935,-0.3029,0.1461,False,-0.1784,True,0.2033,0.2005,-0.6731,1.1319e-07,0.0133,"[1.1319e-07, 0.2033, -0.135, 0.1483]","[0, 0, ""-Inf"", 0]",item_intercept_sd_zero,item_intercept_sd_zero
s0p02_m0p03_i0p03,4,92619004,M1,24,100,0.6,0.1,0.3,0.02,0.03,0.03,,2400,0.08195411317994404,0.9898152115013035,0.0,0.125,True,0.5987084998808012,2.6490047696706895,0.3,0.4246542614116799,True,True,boundary (singular) fit: see help('isSingular'),boundary (singular) fit: see help('isSingular'),0.1869,0.1053,0.076,-0.0195,0.3932,False,0.0869,True,0.0,1.3054e-10,,0.0,0.0,"[0, 0, -1.3054e-10, 0]","[0, 0, ""-Inf"", 0]",model_slope_sd_zero,model_slope_sd_zero
s0p02_m0p03_i0p15,4,92619004,M1,24,100,0.6,0.1,0.3,0.02,0.03,0.15,,2400,0.08195411317994404,0.9898152115013035,0.0,0.125,True,0.5987084998808012,2.6490047696706895,0.3,0.4246542614116799,True,True,boundary (singular) fit: see help('isSingular'),boundary (singular) fit: see help('isSingular'),0.1681,0.1053,0.1103,-0.0383,0.3745,False,0.0681,True,0.0,1.3371e-07,,0.0,0.0,"[0, 0, 1.3371e-07, 0]","[0, 0, ""-Inf"", 0]",model_slope_sd_zero,model_slope_sd_zero
s0p02_m0p15_i0p03,4,92619004,M1,24,100,0.6,0.1,0.3,0.02,0.15,0.03,,2400,0.08195411317994404,0.9898152115013035,0.0,0.125,True,0.5987084998808012,2.6490047696706895,0.3,0.4246542614116799,True,True,boundary (singular) fit: see help('isSingular'),boundary (singular) fit: see help('isSingular'),0.2028,0.1051,0.0536,-0.0032,0.4087,False,0.1028,True,0.0005,0.0288,1.0,0.0,8.6001e-12,"[0, 0.0005, 0.0288, 0.0002]","[0, 0, ""-Inf"", 0]",model_corr_boundary,model_corr_boundary
s0p02_m0p15_i0p15,4,92619004,M1,24,100,0.6,0.1,0.3,0.02,0.15,0.15,,2400,0.08195411317994404,0.9898152115013035,0.0,0.125,True,0.5987084998808012,2.6490047696706895,0.3,0.4246542614116799,True,True,boundary (singular) fit: see help('isSingular'),boundary (singular) fit: see help('isSingular'),0.2435,0.1049,0.0203,0.0378,0.4491,True,0.1435,True,0.0,0.0,1.0,8.3655e-08,-1.2925e-26,"[8.3655e-08, 0, 0, 0]","[0, 0, ""-Inf"", 0]",model_slope_sd_zero,model_slope_sd_zero
s0p1_m0p03_i0p03,4,92619004,M1,24,100,0.6,0.1,0.3,0.1,0.03,0.03,,2400,0.08195411317994404,0.9898152115013035,0.0,0.125,True,0.5987084998808012,2.6490047696706895,0.3,0.42465426141167983,True,True,boundary (singular) fit: see help('isSingular'),boundary (singular) fit: see help('isSingular'),0.1444,0.1049,0.1688,-0.0613,0.3501,False,0.0444,True,9.3233e-07,6.9759e-06,-1.0,0.0,0.0,"[0, 9.3233e-07, -6.9759e-06, 0]","[0, 0, ""-Inf"", 0]",model_slope_sd_zero,model_slope_sd_zero
s0p1_m0p03_i0p15,4,92619004,M1,24,100,0.6,0.1,0.3,0.1,0.03,0.15,,2400,0.08195411317994404,0.9898152115013035,0.0,0.125,True,0.5987084998808012,2.6490047696706895,0.3,0.42465426141167983,True,True,boundary (singular) fit: see help('isSingular'),boundary (singular) fit: see help('isSingular'),0.1424,0.105,0.175,-0.0634,0.3481,False,0.0424,True,0.0,9.1464e-08,,0.0,0.0,"[0, 0, 9.1464e-08, 0]","[0, 0, ""-Inf"", 0]",model_slope_sd_zero,model_slope_sd_zero
s0p1_m0p15_i0p03,4,92619004,M1,24,100,0.6,0.1,0.3,0.1,0.15,0.03,,2400,0.08195411317994404,0.9898152115013035,0.0,0.125,True,0.5987084998808012,2.6490047696706895,0.3,0.4246542614116798,True,True,boundary (singular) fit: see help('isSingular'),boundary (singular) fit: see help('isSingular'),0.1787,0.1067,0.0938,-0.0303,0.3878,False,0.0787,True,0.0073,0.0803,1.0,0.0,5.9028e-11,"[0, 0.0073, 0.0803, 0.0001]","[0, 0, ""-Inf"", 0]",model_corr_boundary,model_corr_boundary
s0p1_m0p15_i0p15,4,92619004,M1,24,100,0.6,0.1,0.3,0.1,0.15,0.15,,2400,0.08195411317994404,0.9898152115013035,0.0,0.125,True,0.5987084998808012,2.6490047696706895,0.3,0.4246542614116798,True,True,boundary (singular) fit: see help('isSingular'),boundary (singular) fit: see help('isSingular'),0.267,0.1068,0.0124,0.0577,0.4763,True,0.167,True,0.0399,0.0694,1.0,0.0,2.1684e-19,"[0, 0.0399, 0.0694, 0]","[0, 0, ""-Inf"", 0]",model_corr_boundary,model_corr_boundary
s0p02_m0p03_i0p03,5,92619005,M1,24,100,0.6,0.1,0.3,0.02,0.03,0.03,,2400,0.07830165202492452,0.9537759664572919,0.0,0.08333333333333333,False,0.5806614327328993,1.9810822914976458,0.3,0.33824108862216035,True,True,boundary (singular) fit: see help('isSingular'),boundary (singular) fit: see help('isSingular'),0.1213,0.1079,0.2613,-0.0903,0.3328,False,0.0213,True,0.0668,0.1082,-1.0,0.0,0.0,"[0, 0.0668, -0.1082, 0]","[0, 0, ""-Inf"", 0]",model_corr_boundary,model_corr_boundary
s0p02_m0p03_i0p15,5,92619005,M1,24,100,0.6,0.1,0.3,0.02,0.03,0.15,,2400,0.07830165202492452,0.9537759664572919,0.0,0.08333333333333333,False,0.5806614327328993,1.9810822914976458,0.3,0.33824108862216035,True,True,boundary (singular) fit: see help('isSingular'),boundary (singular) fit: see help('isSingular'),0.1416,0.1053,0.1787,-0.0648,0.348,False,0.0416,True,0.0,2.6043e-07,,0.184,0.0,"[0.184, 0, 2.5368e-07, 5.8895e-08]","[0, 0, ""-Inf"", 0]",model_slope_sd_zero,model_slope_sd_zero
s0p02_m0p15_i0p03,5,92619005,M1,24,100,0.6,0.1,0.3,0.02,0.15,0.03,,2400,0.07830165202492452,0.9537759664572919,0.0,0.08333333333333333,False,0.5806614327328993,1.9810822914976458,0.3,0.33824108862216035,True,True,boundary (singular) fit: see help('isSingular'),boundary (singular) fit: see help('isSingular'),0.1362,0.1056,0.1971,-0.0707,0.3431,False,0.0362,True,0.1019,0.0569,-1.0,0.0,0.0,"[0, 0.1019, -0.0569, 0]","[0, 0, ""-Inf"", 0]",model_corr_boundary,model_corr_boundary
s0p02_m0p15_i0p15,5,92619005,M1,24,100,0.6,0.1,0.3,0.02,0.15,0.15,,2400,0.07830165202492452,0.9537759664572919,0.0,0.08333333333333333,False,0.5806614327328993,1.9810822914976458,0.3,0.33824108862216035,True,True,boundary (singular) fit: see help('isSingular'),boundary (singular) fit: see help('isSingular'),0.1518,0.1067,0.1549,-0.0574,0.3609,False,0.0518,True,0.1282,0.0794,-1.0,0.1798,8.6736e-19,"[0.1798, 0.1282, -0.0794, 0]","[0, 0, ""-Inf"", 0]",model_corr_boundary,model_corr_boundary
s0p1_m0p03_i0p03,5,92619005,M1,24,100,0.6,0.1,0.3,0.1,0.03,0.03,,2400,0.07830165202492452,0.9537759664572919,0.0,0.08333333333333333,False,0.5806614327328993,1.9810822914976458,0.3,0.3382410886221603,True,True,boundary (singular) fit: see help('isSingular'),boundary (singular) fit: see help('isSingular'),0.1402,0.1053,0.1828,-0.0661,0.3465,False,0.0402,True,0.0,1.0975e-07,,0.0,0.0,"[0, 0, 1.0975e-07, 0]","[0, 0, ""-Inf"", 0]",model_slope_sd_zero,model_slope_sd_zero
s0p1_m0p03_i0p15,5,92619005,M1,24,100,0.6,0.1,0.3,0.1,0.03,0.15,,2400,0.07830165202492452,0.9537759664572919,0.0,0.08333333333333333,False,0.5806614327328993,1.9810822914976458,0.3,0.3382410886221603,True,True,boundary (singular) fit: see help('isSingular'),boundary (singular) fit: see help('isSingular'),0.138,0.1058,0.1923,-0.0695,0.3454,False,0.038,True,0.0193,0.0382,-1.0,0.1972,0.0,"[0.1972, 0.0193, -0.0382, 0]","[0, 0, ""-Inf"", 0]",model_corr_boundary,model_corr_boundary
s0p1_m0p15_i0p03,5,92619005,M1,24,100,0.6,0.1,0.3,0.1,0.15,0.03,,2400,0.07830165202492452,0.9537759664572919,0.0,0.08333333333333333,False,0.5806614327328993,1.9810822914976458,0.3,0.3382410886221603,True,False,[],,0.1356,0.109,0.2135,-0.078,0.3492,False,0.0356,True,0.0976,0.1183,-0.7997,0.041,0.0023,"[0.041, 0.0976, -0.0946, 0.071]","[0, 0, ""-Inf"", 0]",non_singular,non_singular
s0p1_m0p15_i0p15,5,92619005,M1,24,100,0.6,0.1,0.3,0.1,0.15,0.15,,2400,0.07830165202492452,0.9537759664572919,0.0,0.08333333333333333,False,0.5806614327328993,1.9810822914976458,0.3,0.3382410886221603,True,False,[],,0.1131,0.1163,0.3309,-0.1149,0.3411,False,0.0131,True,0.1134,0.2141,-0.2494,0.168,0.0118,"[0.168, 0.1134, -0.0534, 0.2073]","[0, 0, ""-Inf"", 0]",non_singular,non_singular
s0p02_m0p03_i0p03,6,92619006,M1,24,100,0.6,0.1,0.3,0.02,0.03,0.03,,2400,0.07571010545022964,0.9738619457219082,0.0,0.08333333333333333,False,0.5956463370993279,2.329243525230694,0.3,0.42979412899410513,True,True,boundary (singular) fit: see help('isSingular'),boundary (singular) fit: see help('isSingular'),0.1501,0.11,0.1726,-0.0656,0.3657,False,0.0501,True,0.0,0.1317,,0.0,0.0,"[0, 0, 0.1244, 0.0431]","[0, 0, ""-Inf"", 0]",model_intercept_sd_zero,model_intercept_sd_zero
s0p02_m0p03_i0p15,6,92619006,M1,24,100,0.6,0.1,0.3,0.02,0.03,0.15,,2400,0.07571010545022964,0.9738619457219082,0.0,0.08333333333333333,False,0.5956463370993279,2.329243525230694,0.3,0.42979412899410513,True,True,boundary (singular) fit: see help('isSingular'),boundary (singular) fit: see help('isSingular'),0.0952,0.107,0.3739,-0.1146,0.3049,False,-0.0048,True,0.0,0.0746,,3.4914e-07,0.0,"[3.4914e-07, 0, -0.014, 0.0733]","[0, 0, ""-Inf"", 0]",model_intercept_sd_zero,model_intercept_sd_zero
s0p02_m0p15_i0p03,6,92619006,M1,24,100,0.6,0.1,0.3,0.02,0.15,0.03,,2400,0.07571010545022964,0.9738619457219082,0.0,0.08333333333333333,False,0.5956463370993279,2.329243525230694,0.3,0.42979412899410524,True,True,boundary (singular) fit: see help('isSingular'),boundary (singular) fit: see help('isSingular'),0.1708,0.119,0.1511,-0.0624,0.404,False,0.0708,True,0.0,0.2439,,0.0,0.0,"[0, 0, -0.2439, 0.0008]","[0, 0, ""-Inf"", 0]",model_intercept_sd_zero,model_intercept_sd_zero
s0p02_m0p15_i0p15,6,92619006,M1,24,100,0.6,0.1,0.3,0.02,0.15,0.15,,2400,0.07571010545022964,0.9738619457219082,0.0,0.08333333333333333,False,0.5956463370993279,2.329243525230694,0.3,0.42979412899410524,True,True,boundary (singular) fit: see help('isSingular'),boundary (singular) fit: see help('isSingular'),0.1767,0.111,0.1114,-0.0409,0.3943,False,0.0767,True,0.0,0.1523,,0.0,0.0,"[0, 0, -0.1522, 0.0061]","[0, 0, ""-Inf"", 0]",model_intercept_sd_zero,model_intercept_sd_zero
s0p1_m0p03_i0p03,6,92619006,M1,24,100,0.6,0.1,0.3,0.1,0.03,0.03,,2400,0.07571010545022964,0.9738619457219082,0.0,0.08333333333333333,False,0.5956463370993279,2.329243525230694,0.3,0.42979412899410513,True,True,boundary (singular) fit: see help('isSingular'),boundary (singular) fit: see help('isSingular'),0.1411,0.111,0.2039,-0.0765,0.3587,False,0.0411,True,0.0,0.1473,,0.0,0.0,"[0, 0, 0.1457, 0.0213]","[0, 0, ""-Inf"", 0]",model_intercept_sd_zero,model_intercept_sd_zero
s0p1_m0p03_i0p15,6,92619006,M1,24,100,0.6,0.1,0.3,0.1,0.03,0.15,,2400,0.07571010545022964,0.9738619457219082,0.0,0.08333333333333333,False,0.5956463370993279,2.329243525230694,0.3,0.42979412899410513,True,True,boundary (singular) fit: see help('isSingular'),boundary (singular) fit: see help('isSingular'),0.1165,0.1089,0.2848,-0.097,0.33,False,0.0165,True,0.0,0.1122,,0.0,0.0,"[0, 0, -0.0879, 0.0696]","[0, 0, ""-Inf"", 0]",model_intercept_sd_zero,model_intercept_sd_zero
s0p1_m0p15_i0p03,6,92619006,M1,24,100,0.6,0.1,0.3,0.1,0.15,0.03,,2400,0.07571010545022964,0.9738619457219082,0.0,0.08333333333333333,False,0.5956463370993279,2.329243525230694,0.3,0.429794128994105,True,True,boundary (singular) fit: see help('isSingular'),boundary (singular) fit: see help('isSingular'),0.1742,0.1203,0.1476,-0.0616,0.4099,False,0.0742,True,0.0,0.2567,,0.0,0.0,"[0, 0, -0.2551, 0.0289]","[0, 0, ""-Inf"", 0]",model_intercept_sd_zero,model_intercept_sd_zero
s0p1_m0p15_i0p15,6,92619006,M1,24,100,0.6,0.1,0.3,0.1,0.15,0.15,,2400,0.07571010545022964,0.9738619457219082,0.0,0.08333333333333333,False,0.5956463370993279,2.329243525230694,0.3,0.429794128994105,True,True,boundary (singular) fit: see help('isSingular'),boundary (singular) fit: see help('isSingular'),0.1813,0.1063,0.088,-0.027,0.3897,False,0.0813,True,0.2155,0.0074,1.0,0.0,-6.7763e-21,"[0, 0.2155, 0.0074, 0]","[0, 0, ""-Inf"", 0]",model_corr_boundary,model_corr_boundary
s0p02_m0p03_i0p03,7,92619007,M1,24,100,0.6,0.1,0.3,0.02,0.03,0.03,,2400,0.06538010506495048,0.9524938591629813,0.0,0.041666666666666664,False,0.6023454558178917,2.054871388058079,0.3,0.5036947993901971,True,True,boundary (singular) fit: see help('isSingular'),boundary (singular) fit: see help('isSingular'),-0.0107,0.1056,0.9191,-0.2176,0.1962,False,-0.1107,True,0.0,1.1033e-09,,0.0,0.0,"[0, 0, 1.1033e-09, 0]","[0, 0, ""-Inf"", 0]",model_slope_sd_zero,model_slope_sd_zero
s0p02_m0p03_i0p15,7,92619007,M1,24,100,0.6,0.1,0.3,0.02,0.03,0.15,,2400,0.06538010506495048,0.9524938591629813,0.0,0.041666666666666664,False,0.6023454558178917,2.054871388058079,0.3,0.5036947993901971,True,True,boundary (singular) fit: see help('isSingular'),boundary (singular) fit: see help('isSingular'),0.0115,0.1119,0.9178,-0.2078,0.2309,False,-0.0885,True,0.1308,0.1651,-1.0,0.0707,1.7347e-18,"[0.0707, 0.1308, -0.1651, 0]","[0, 0, ""-Inf"", 0]",model_corr_boundary,model_corr_boundary
s0p02_m0p15_i0p03,7,92619007,M1,24,100,0.6,0.1,0.3,0.02,0.15,0.03,,2400,0.06538010506495048,0.9524938591629813,0.0,0.041666666666666664,False,0.6023454558178917,2.054871388058079,0.3,0.5036947993901973,True,True,boundary (singular) fit: see help('isSingular'),boundary (singular) fit: see help('isSingular'),0.0395,0.1168,0.7351,-0.1894,0.2684,False,-0.0605,True,0.0,0.2307,,0.0,0.0,"[0, 0, -0.2306, 0.0072]","[0, 0, ""-Inf"", 0]",model_intercept_sd_zero,model_intercept_sd_zero
s0p02_m0p15_i0p15,7,92619007,M1,24,100,0.6,0.1,0.3,0.02,0.15,0.15,,2400,0.06538010506495048,0.9524938591629813,0.0,0.041666666666666664,False,0.6023454558178917,2.054871388058079,0.3,0.5036947993901973,True,False,[],,0.0327,0.1237,0.7914,-0.2097,0.2752,False,-0.0673,True,0.1579,0.2843,-0.4768,0.0966,0.0177,"[0.0966, 0.1579, -0.1355, 0.2499]","[0, 0, ""-Inf"", 0]",non_singular,non_singular
s0p1_m0p03_i0p03,7,92619007,M1,24,100,0.6,0.1,0.3,0.1,0.03,0.03,,2400,0.06538010506495048,0.9524938591629813,0.0,0.041666666666666664,False,0.6023454558178917,2.054871388058079,0.3,0.5036947993901971,True,True,boundary (singular) fit: see help('isSingular'),boundary (singular) fit: see help('isSingular'),-0.0267,0.1146,0.8159,-0.2513,0.1979,False,-0.1267,True,0.1303,0.2007,-1.0,0.0,0.0,"[0, 0.1303, -0.2007, 0]","[0, 0, ""-Inf"", 0]",model_corr_boundary,model_corr_boundary
s0p1_m0p03_i0p15,7,92619007,M1,24,100,0.6,0.1,0.3,0.1,0.03,0.15,,2400,0.06538010506495048,0.9524938591629813,0.0,0.041666666666666664,False,0.6023454558178917,2.054871388058079,0.3,0.5036947993901971,True,True,boundary (singular) fit: see help('isSingular'),boundary (singular) fit: see help('isSingular'),-0.017,0.1134,0.881,-0.2393,0.2053,False,-0.117,True,0.1366,0.1887,-1.0,0.0,-1.7347e-18,"[0, 0.1366, -0.1887, 0]","[0, 0, ""-Inf"", 0]",model_corr_boundary,model_corr_boundary
s0p1_m0p15_i0p03,7,92619007,M1,24,100,0.6,0.1,0.3,0.1,0.15,0.03,,2400,0.06538010506495048,0.9524938591629813,0.0,0.041666666666666664,False,0.6023454558178917,2.054871388058079,0.3,0.5036947993901972,True,True,boundary (singular) fit: see help('isSingular'),boundary (singular) fit: see help('isSingular'),0.0069,0.1172,0.9532,-0.2228,0.2365,False,-0.0931,True,0.0553,0.2356,-0.1414,3.036e-08,0.003,"[3.036e-08, 0.0553, -0.0333, 0.2332]","[0, 0, ""-Inf"", 0]",item_intercept_sd_zero,item_intercept_sd_zero
s0p1_m0p15_i0p15,7,92619007,M1,24,100,0.6,0.1,0.3,0.1,0.15,0.15,,2400,0.06538010506495048,0.9524938591629813,0.0,0.041666666666666664,False,0.6023454558178917,2.054871388058079,0.3,0.5036947993901972,True,False,[],,-0.0008,0.133,0.9954,-0.2615,0.2599,False,-0.1008,True,0.154,0.3638,-0.6123,0.0782,0.0138,"[0.0782, 0.154, -0.2228, 0.2876]","[0, 0, ""-Inf"", 0]",non_singular,non_singular
s0p02_m0p03_i0p03,8,92619008,M1,24,100,0.6,0.1,0.3,0.02,0.03,0.03,,2400,0.05921162628342377,0.903991713502255,0.0,0.0,False,0.5622382613033581,1.8682387396974327,0.3,0.26073080108067737,True,True,boundary (singular) fit: see help('isSingular'),boundary (singular) fit: see help('isSingular'),0.2251,0.1032,0.0291,0.0229,0.4274,True,0.1251,True,0.1437,0.0394,-1.0,1.6955e-07,-2.1684e-19,"[1.6955e-07, 0.1437, -0.0394, 0]","[0, 0, ""-Inf"", 0]",model_corr_boundary,model_corr_boundary
s0p02_m0p03_i0p15,8,92619008,M1,24,100,0.6,0.1,0.3,0.02,0.03,0.15,,2400,0.05921162628342377,0.903991713502255,0.0,0.0,False,0.5622382613033581,1.8682387396974327,0.3,0.26073080108067737,True,True,boundary (singular) fit: see help('isSingular'),boundary (singular) fit: see help('isSingular'),0.2034,0.1032,0.0488,0.001,0.4058,True,0.1034,True,0.1375,0.0272,-1.0,0.1012,-2.1684e-19,"[0.1012, 0.1375, -0.0272, 0]","[0, 0, ""-Inf"", 0]",model_corr_boundary,model_corr_boundary
s0p02_m0p15_i0p03,8,92619008,M1,24,100,0.6,0.1,0.3,0.02,0.15,0.03,,2400,0.05921162628342377,0.903991713502255,0.0,0.0,False,0.5622382613033581,1.8682387396974327,0.3,0.26073080108067737,True,True,boundary (singular) fit: see help('isSingular'),boundary (singular) fit: see help('isSingular'),0.2015,0.1041,0.0529,-0.0025,0.4056,False,0.1015,True,0.2454,0.0766,-1.0,3.9639e-07,4.2825e-14,"[3.9639e-07, 0.2454, -0.0766, 2.1679e-07]","[0, 0, ""-Inf"", 0]",model_corr_boundary,model_corr_boundary
s0p02_m0p15_i0p15,8,92619008,M1,24,100,0.6,0.1,0.3,0.02,0.15,0.15,,2400,0.05921162628342377,0.903991713502255,0.0,0.0,False,0.5622382613033581,1.8682387396974327,0.3,0.26073080108067737,True,True,boundary (singular) fit: see help('isSingular'),boundary (singular) fit: see help('isSingular'),0.2225,0.1073,0.0382,0.0121,0.4329,True,0.1225,True,0.0,0.1424,,0.1611,0.0,"[0.1611, 0, -0.1424, 0.0028]","[0, 0, ""-Inf"", 0]",model_intercept_sd_zero,model_intercept_sd_zero
s0p1_m0p03_i0p03,8,92619008,M1,24,100,0.6,0.1,0.3,0.1,0.03,0.03,,2400,0.05921162628342377,0.903991713502255,0.0,0.0,False,0.5622382613033581,1.8682387396974327,0.3,0.26073080108067737,True,True,boundary (singular) fit: see help('isSingular'),boundary (singular) fit: see help('isSingular'),0.1926,0.1036,0.0631,-0.0105,0.3957,False,0.0926,True,0.0,0.0699,,7.0035e-08,0.0,"[7.0035e-08, 0, -0.0588, 0.0378]","[0, 0, ""-Inf"", 0]",model_intercept_sd_zero,model_intercept_sd_zero
s0p1_m0p03_i0p15,8,92619008,M1,24,100,0.6,0.1,0.3,0.1,0.03,0.15,,2400,0.05921162628342377,0.903991713502255,0.0,0.0,False,0.5622382613033581,1.8682387396974327,0.3,0.26073080108067737,True,True,boundary (singular) fit: see help('isSingular'),boundary (singular) fit: see help('isSingular'),0.1609,0.1031,0.1184,-0.0411,0.3629,False,0.0609,True,0.1341,0.0284,-1.0,0.1185,-1.0842e-19,"[0.1185, 0.1341, -0.0284, 0]","[0, 0, ""-Inf"", 0]",model_corr_boundary,model_corr_boundary
s0p1_m0p15_i0p03,8,92619008,M1,24,100,0.6,0.1,0.3,0.1,0.15,0.03,,2400,0.05921162628342377,0.903991713502255,0.0,0.0,False,0.5622382613033581,1.8682387396974327,0.3,0.2607308010806774,True,True,boundary (singular) fit: see help('isSingular'),boundary (singular) fit: see help('isSingular'),0.1488,0.1033,0.1498,-0.0537,0.3512,False,0.0488,True,0.244,0.0613,-1.0,0.0,4.3368e-19,"[0, 0.244, -0.0613, 0]","[0, 0, ""-Inf"", 0]",model_corr_boundary,model_corr_boundary
s0p1_m0p15_i0p15,8,92619008,M1,24,100,0.6,0.1,0.3,0.1,0.15,0.15,,2400,0.05921162628342377,0.903991713502255,0.0,0.0,False,0.5622382613033581,1.8682387396974327,0.3,0.2607308010806774,True,True,boundary (singular) fit: see help('isSingular'),boundary (singular) fit: see help('isSingular'),0.1773,0.1081,0.1009,-0.0345,0.3892,False,0.0773,True,0.0,0.158,,0.1708,0.0,"[0.1708, 0, -0.149, 0.0526]","[0, 0, ""-Inf"", 0]",model_intercept_sd_zero,model_intercept_sd_zero
s0p02_m0p03_i0p03,9,92619009,M1,24,100,0.6,0.1,0.3,0.02,0.03,0.03,,2400,0.06292197795081775,0.9335689712991506,0.0,0.0,False,0.5945159066095019,1.9564311192211659,0.3,0.08469193311489026,True,True,boundary (singular) fit: see help('isSingular'),boundary (singular) fit: see help('isSingular'),0.0632,0.1127,0.575,-0.1577,0.2841,False,-0.0368,True,0.2381,0.1657,-1.0,0.1356,-3.4694e-18,"[0.1356, 0.2381, -0.1657, 0]","[0, 0, ""-Inf"", 0]",model_corr_boundary,model_corr_boundary
s0p02_m0p03_i0p15,9,92619009,M1,24,100,0.6,0.1,0.3,0.02,0.03,0.15,,2400,0.06292197795081775,0.9335689712991506,0.0,0.0,False,0.5945159066095019,1.9564311192211659,0.3,0.08469193311489026,True,True,boundary (singular) fit: see help('isSingular'),boundary (singular) fit: see help('isSingular'),0.1042,0.1137,0.3594,-0.1187,0.3272,False,0.0042,True,0.2259,0.178,-1.0,0.1321,0.0,"[0.1321, 0.2259, -0.178, 0]","[0, 0, ""-Inf"", 0]",model_corr_boundary,model_corr_boundary
s0p02_m0p15_i0p03,9,92619009,M1,24,100,0.6,0.1,0.3,0.02,0.15,0.03,,2400,0.06292197795081775,0.9335689712991506,0.0,0.0,False,0.5945159066095019,1.9564311192211659,0.3,0.08469193311489023,True,True,boundary (singular) fit: see help('isSingular'),boundary (singular) fit: see help('isSingular'),0.0859,0.1136,0.4494,-0.1367,0.3086,False,-0.0141,True,0.2119,0.1756,-1.0,0.0,0.0,"[0, 0.2119, -0.1756, 0]","[0, 0, ""-Inf"", 0]",model_corr_boundary,model_corr_boundary
s0p02_m0p15_i0p15,9,92619009,M1,24,100,0.6,0.1,0.3,0.02,0.15,0.15,,2400,0.06292197795081775,0.9335689712991506,0.0,0.0,False,0.5945159066095019,1.9564311192211659,0.3,0.08469193311489023,True,True,boundary (singular) fit: see help('isSingular'),boundary (singular) fit: see help('isSingular'),0.0985,0.1154,0.3933,-0.1277,0.3247,False,-0.0015,True,0.1938,0.1955,-1.0,0.0,-3.4694e-18,"[0, 0.1938, -0.1955, 0]","[0, 0, ""-Inf"", 0]",model_corr_boundary,model_corr_boundary
s0p1_m0p03_i0p03,9,92619009,M1,24,100,0.6,0.1,0.3,0.1,0.03,0.03,,2400,0.06292197795081775,0.9335689712991506,0.0,0.0,False,0.5945159066095019,1.9564311192211659,0.3,0.08469193311489018,True,True,boundary (singular) fit: see help('isSingular'),boundary (singular) fit: see help('isSingular'),0.0987,0.1125,0.38,-0.1217,0.3192,False,-0.0013,True,0.2373,0.1594,-1.0,0.142,3.4694e-18,"[0.142, 0.2373, -0.1594, 0]","[0, 0, ""-Inf"", 0]",model_corr_boundary,model_corr_boundary
s0p1_m0p03_i0p15,9,92619009,M1,24,100,0.6,0.1,0.3,0.1,0.03,0.15,,2400,0.06292197795081775,0.9335689712991506,0.0,0.0,False,0.5945159066095019,1.9564311192211659,0.3,0.08469193311489018,True,False,[],,0.1045,0.1147,0.362,-0.1203,0.3294,False,0.0045,True,0.2259,0.1838,-0.974,0.1415,0.0011,"[0.1415, 0.2259, -0.1791, 0.0416]","[0, 0, ""-Inf"", 0]",non_singular,non_singular
s0p1_m0p15_i0p03,9,92619009,M1,24,100,0.6,0.1,0.3,0.1,0.15,0.03,,2400,0.06292197795081775,0.9335689712991506,0.0,0.0,False,0.5945159066095019,1.9564311192211659,0.3,0.0846919331148902,True,True,boundary (singular) fit: see help('isSingular'),boundary (singular) fit: see help('isSingular'),0.1272,0.1175,0.2787,-0.103,0.3575,False,0.0272,True,0.2173,0.2223,-1.0,0.0,0.0,"[0, 0.2173, -0.2223, 0]","[0, 0, ""-Inf"", 0]",model_corr_boundary,model_corr_boundary
s0p1_m0p15_i0p15,9,92619009,M1,24,100,0.6,0.1,0.3,0.1,0.15,0.15,,2400,0.06292197795081775,0.9335689712991506,0.0,0.0,False,0.5945159066095019,1.9564311192211659,0.3,0.0846919331148902,True,True,boundary (singular) fit: see help('isSingular'),boundary (singular) fit: see help('isSingular'),0.1056,0.116,0.3627,-0.1218,0.3329,False,0.0056,True,0.1953,0.2038,-1.0,0.0,-6.9389e-18,"[0, 0.1953, -0.2038, 0]","[0, 0, ""-Inf"", 0]",model_corr_boundary,model_corr_boundary
s0p02_m0p03_i0p03,10,92619010,M1,24,100,0.6,0.1,0.3,0.02,0.03,0.03,,2400,0.07878058479573714,0.9596036027425564,0.0,0.041666666666666664,False,0.6053571104450024,2.1779863587931296,0.3,0.031117357720965116,True,True,boundary (singular) fit: see help('isSingular'),boundary (singular) fit: see help('isSingular'),0.181,0.1079,0.0936,-0.0306,0.3925,False,0.081,True,0.0522,0.0068,-1.0,0.1808,0.0,"[0.1808, 0.0522, -0.0068, 0]","[0, 0, ""-Inf"", 0]",model_corr_boundary,model_corr_boundary
s0p02_m0p03_i0p15,10,92619010,M1,24,100,0.6,0.1,0.3,0.02,0.03,0.15,,2400,0.07878058479573714,0.9596036027425564,0.0,0.041666666666666664,False,0.6053571104450024,2.1779863587931296,0.3,0.031117357720965116,True,True,boundary (singular) fit: see help('isSingular'),boundary (singular) fit: see help('isSingular'),0.164,0.1083,0.1301,-0.0484,0.3763,False,0.064,True,0.0647,0.0112,1.0,0.2929,0.0,"[0.2929, 0.0647, 0.0112, 0]","[0, 0, ""-Inf"", 0]",model_corr_boundary,model_corr_boundary
s0p02_m0p15_i0p03,10,92619010,M1,24,100,0.6,0.1,0.3,0.02,0.15,0.03,,2400,0.07878058479573714,0.9596036027425564,0.0,0.041666666666666664,False,0.6053571104450024,2.1779863587931296,0.3,0.031117357720965064,True,True,boundary (singular) fit: see help('isSingular'),boundary (singular) fit: see help('isSingular'),0.1303,0.1082,0.2285,-0.0818,0.3424,False,0.0303,True,0.0,0.0399,,0.2041,0.0,"[0.2041, 0, -0.0394, 0.0063]","[0, 0, ""-Inf"", 0]",model_intercept_sd_zero,model_intercept_sd_zero
s0p02_m0p15_i0p15,10,92619010,M1,24,100,0.6,0.1,0.3,0.02,0.15,0.15,,2400,0.07878058479573714,0.9596036027425564,0.0,0.041666666666666664,False,0.6053571104450024,2.1779863587931296,0.3,0.031117357720965064,True,True,boundary (singular) fit: see help('isSingular'),boundary (singular) fit: see help('isSingular'),0.1307,0.108,0.226,-0.0809,0.3423,False,0.0307,True,0.0832,0.0088,-1.0,0.2761,1.3553e-20,"[0.2761, 0.0832, -0.0088, 0]","[0, 0, ""-Inf"", 0]",model_corr_boundary,model_corr_boundary
s0p1_m0p03_i0p03,10,92619010,M1,24,100,0.6,0.1,0.3,0.1,0.03,0.03,,2400,0.07878058479573714,0.9596036027425564,0.0,0.041666666666666664,False,0.6053571104450024,2.1779863587931296,0.3,0.03111735772096508,True,True,boundary (singular) fit: see help('isSingular'),boundary (singular) fit: see help('isSingular'),0.1585,0.1079,0.1419,-0.053,0.3699,False,0.0585,True,0.0824,0.0204,1.0,0.1752,0.0,"[0.1752, 0.0824, 0.0204, 0]","[0, 0, ""-Inf"", 0]",model_corr_boundary,model_corr_boundary
s0p1_m0p03_i0p15,10,92619010,M1,24,100,0.6,0.1,0.3,0.1,0.03,0.15,,2400,0.07878058479573714,0.9596036027425564,0.0,0.041666666666666664,False,0.6053571104450024,2.1779863587931296,0.3,0.03111735772096508,True,True,boundary (singular) fit: see help('isSingular'),boundary (singular) fit: see help('isSingular'),0.1486,0.108,0.1688,-0.063,0.3603,False,0.0486,True,0.0656,0.0015,1.0,0.2742,4.2352e-22,"[0.2742, 0.0656, 0.0015, 0]","[0, 0, ""-Inf"", 0]",model_corr_boundary,model_corr_boundary
s0p1_m0p15_i0p03,10,92619010,M1,24,100,0.6,0.1,0.3,0.1,0.15,0.03,,2400,0.07878058479573714,0.9596036027425564,0.0,0.041666666666666664,False,0.6053571104450024,2.1779863587931296,0.3,0.031117357720964998,True,True,boundary (singular) fit: see help('isSingular'),boundary (singular) fit: see help('isSingular'),0.1151,0.1095,0.2932,-0.0995,0.3297,False,0.0151,True,0.0,0.0885,,0.199,0.0,"[0.199, 0, -0.0748, 0.0474]","[0, 0, ""-Inf"", 0]",model_intercept_sd_zero,model_intercept_sd_zero
s0p1_m0p15_i0p15,10,92619010,M1,24,100,0.6,0.1,0.3,0.1,0.15,0.15,,2400,0.07878058479573714,0.9596036027425564,0.0,0.041666666666666664,False,0.6053571104450024,2.1779863587931296,0.3,0.031117357720964998,True,True,boundary (singular) fit: see help('isSingular'),boundary (singular) fit: see help('isSingular'),0.1376,0.1078,0.202,-0.0738,0.349,False,0.0376,True,0.088,0.0013,1.0,0.2562,0.0,"[0.2562, 0.088, 0.0013, 0]","[0, 0, ""-Inf"", 0]",model_corr_boundary,model_corr_boundary
s0p02_m0p03_i0p03,11,92619011,M1,24,100,0.6,0.1,0.3,0.02,0.03,0.03,,2400,0.036691234858015606,0.9720969165122471,0.125,0.08333333333333333,True,0.6042495065864383,2.551585035093751,0.3,0.2473141996865633,True,True,boundary (singular) fit: see help('isSingular'),boundary (singular) fit: see help('isSingular'),0.0211,0.1082,0.8455,-0.191,0.2332,False,-0.0789,True,0.1041,0.0542,-1.0,3.3859e-08,4.3368e-19,"[3.3859e-08, 0.1041, -0.0542, 0]","[0, 0, ""-Inf"", 0]",model_corr_boundary,model_corr_boundary
s0p02_m0p03_i0p15,11,92619011,M1,24,100,0.6,0.1,0.3,0.02,0.03,0.15,,2400,0.036691234858015606,0.9720969165122471,0.125,0.08333333333333333,True,0.6042495065864383,2.551585035093751,0.3,0.2473141996865633,True,True,boundary (singular) fit: see help('isSingular'),boundary (singular) fit: see help('isSingular'),0.0758,0.1096,0.4892,-0.139,0.2906,False,-0.0242,True,0.1336,0.0819,-1.0,1.0224e-07,2.3287e-14,"[1.0224e-07, 0.1336, -0.0819, 1.7898e-07]","[0, 0, ""-Inf"", 0]",model_corr_boundary,model_corr_boundary
s0p02_m0p15_i0p03,11,92619011,M1,24,100,0.6,0.1,0.3,0.02,0.15,0.03,,2400,0.036691234858015606,0.9720969165122471,0.125,0.08333333333333333,True,0.6042495065864383,2.551585035093751,0.3,0.24731419968656332,True,True,boundary (singular) fit: see help('isSingular'),boundary (singular) fit: see help('isSingular'),0.0335,0.1089,0.7583,-0.18,0.247,False,-0.0665,True,0.1774,0.0202,1.0,5.021e-38,3.9485e-14,"[5.021e-38, 0.1774, 0.0202, 2e-07]","[0, 0, ""-Inf"", 0]",model_corr_boundary,model_corr_boundary
s0p02_m0p15_i0p15,11,92619011,M1,24,100,0.6,0.1,0.3,0.02,0.15,0.15,,2400,0.036691234858015606,0.9720969165122471,0.125,0.08333333333333333,True,0.6042495065864383,2.551585035093751,0.3,0.24731419968656332,True,True,boundary (singular) fit: see help('isSingular'),boundary (singular) fit: see help('isSingular'),0.0408,0.1091,0.7085,-0.1731,0.2547,False,-0.0592,True,0.1819,0.0186,1.0,0.0,-5.421e-20,"[0, 0.1819, 0.0186, 0]","[0, 0, ""-Inf"", 0]",model_corr_boundary,model_corr_boundary
s0p1_m0p03_i0p03,11,92619011,M1,24,100,0.6,0.1,0.3,0.1,0.03,0.03,,2400,0.036691234858015606,0.9720969165122471,0.125,0.08333333333333333,True,0.6042495065864383,2.551585035093751,0.3,0.24731419968656324,True,True,boundary (singular) fit: see help('isSingular'),boundary (singular) fit: see help('isSingular'),0.0139,0.1078,0.8972,-0.1974,0.2253,False,-0.0861,True,0.128,0.0028,1.0,0.0,-1.6941e-21,"[0, 0.128, 0.0028, 0]","[0, 0, ""-Inf"", 0]",model_corr_boundary,model_corr_boundary
s0p1_m0p03_i0p15,11,92619011,M1,24,100,0.6,0.1,0.3,0.1,0.03,0.15,,2400,0.036691234858015606,0.9720969165122471,0.125,0.08333333333333333,True,0.6042495065864383,2.551585035093751,0.3,0.24731419968656324,True,True,boundary (singular) fit: see help('isSingular'),boundary (singular) fit: see help('isSingular'),0.0412,0.1085,0.7042,-0.1715,0.2539,False,-0.0588,True,0.163,0.0083,-1.0,0.0,0.0,"[0, 0.163, -0.0083, 0]","[0, 0, ""-Inf"", 0]",model_corr_boundary,model_corr_boundary
s0p1_m0p15_i0p03,11,92619011,M1,24,100,0.6,0.1,0.3,0.1,0.15,0.03,,2400,0.036691234858015606,0.9720969165122471,0.125,0.08333333333333333,True,0.6042495065864383,2.551585035093751,0.3,0.24731419968656337,True,True,boundary (singular) fit: see help('isSingular'),boundary (singular) fit: see help('isSingular'),0.0234,0.1092,0.8303,-0.1906,0.2374,False,-0.0766,True,0.1841,0.0306,1.0,5.3477e-08,0.0,"[5.3477e-08, 0.1841, 0.0306, 0]","[0, 0, ""-Inf"", 0]",model_corr_boundary,model_corr_boundary
s0p1_m0p15_i0p15,11,92619011,M1,24,100,0.6,0.1,0.3,0.1,0.15,0.15,,2400,0.036691234858015606,0.9720969165122471,0.125,0.08333333333333333,True,0.6042495065864383,2.551585035093751,0.3,0.24731419968656337,True,True,boundary (singular) fit: see help('isSingular'),boundary (singular) fit: see help('isSingular'),0.0212,0.1097,0.8469,-0.1938,0.2362,False,-0.0788,True,0.1949,0.0452,1.0,8.3603e-08,0.0,"[8.3603e-08, 0.1949, 0.0452, 0]","[0, 0, ""-Inf"", 0]",model_corr_boundary,model_corr_boundary
s0p02_m0p03_i0p03,12,92619012,M1,24,100,0.6,0.1,0.3,0.02,0.03,0.03,,2400,0.08328541626804907,0.9281695836457915,0.0,0.0,False,0.5608717785960461,1.6641161265951627,0.3,0.06104974123120002,True,True,boundary (singular) fit: see help('isSingular'),boundary (singular) fit: see help('isSingular'),0.0571,0.1039,0.5827,-0.1466,0.2608,False,-0.0429,True,0.0642,0.0888,1.0,0.0,4.3368e-19,"[0, 0.0642, 0.0888, 0]","[0, 0, ""-Inf"", 0]",model_corr_boundary,model_corr_boundary
s0p02_m0p03_i0p15,12,92619012,M1,24,100,0.6,0.1,0.3,0.02,0.03,0.15,,2400,0.08328541626804907,0.9281695836457915,0.0,0.0,False,0.5608717785960461,1.6641161265951627,0.3,0.06104974123120002,True,True,boundary (singular) fit: see help('isSingular'),boundary (singular) fit: see help('isSingular'),0.0476,0.1021,0.6411,-0.1524,0.2476,False,-0.0524,True,0.0742,0.031,1.0,0.0,-1.0842e-19,"[0, 0.0742, 0.031, 0]","[0, 0, ""-Inf"", 0]",model_corr_boundary,model_corr_boundary
s0p02_m0p15_i0p03,12,92619012,M1,24,100,0.6,0.1,0.3,0.02,0.15,0.03,,2400,0.08328541626804907,0.9281695836457915,0.0,0.0,False,0.5608717785960461,1.6641161265951627,0.3,0.06104974123120001,True,True,boundary (singular) fit: see help('isSingular'),boundary (singular) fit: see help('isSingular'),0.0747,0.1035,0.4702,-0.1281,0.2776,False,-0.0253,True,0.1791,0.0855,-1.0,0.0,0.0,"[0, 0.1791, -0.0855, 0]","[0, 0, ""-Inf"", 0]",model_corr_boundary,model_corr_boundary
s0p02_m0p15_i0p15,12,92619012,M1,24,100,0.6,0.1,0.3,0.02,0.15,0.15,,2400,0.08328541626804907,0.9281695836457915,0.0,0.0,False,0.5608717785960461,1.6641161265951627,0.3,0.06104974123120001,True,True,boundary (singular) fit: see help('isSingular'),boundary (singular) fit: see help('isSingular'),0.0555,0.1087,0.6095,-0.1575,0.2686,False,-0.0445,True,0.2562,0.1755,-1.0,0.0,-3.4694e-18,"[0, 0.2562, -0.1755, 0]","[0, 0, ""-Inf"", 0]",model_corr_boundary,model_corr_boundary
s0p1_m0p03_i0p03,12,92619012,M1,24,100,0.6,0.1,0.3,0.1,0.03,0.03,,2400,0.08328541626804907,0.9281695836457915,0.0,0.0,False,0.5608717785960461,1.6641161265951627,0.3,0.06104974123119998,True,True,boundary (singular) fit: see help('isSingular'),boundary (singular) fit: see help('isSingular'),0.0512,0.1037,0.622,-0.1522,0.2545,False,-0.0488,True,0.0589,0.0858,1.0,0.0,0.0,"[0, 0.0589, 0.0858, 0]","[0, 0, ""-Inf"", 0]",model_corr_boundary,model_corr_boundary
s0p1_m0p03_i0p15,12,92619012,M1,24,100,0.6,0.1,0.3,0.1,0.03,0.15,,2400,0.08328541626804907,0.9281695836457915,0.0,0.0,False,0.5608717785960461,1.6641161265951627,0.3,0.06104974123119998,True,True,boundary (singular) fit: see help('isSingular'),boundary (singular) fit: see help('isSingular'),0.0435,0.1033,0.6735,-0.159,0.246,False,-0.0565,True,0.0739,0.0808,1.0,5.509e-08,1.8141e-14,"[5.509e-08, 0.0739, 0.0808, 1.9966e-07]","[0, 0, ""-Inf"", 0]",model_corr_boundary,model_corr_boundary
s0p1_m0p15_i0p03,12,92619012,M1,24,100,0.6,0.1,0.3,0.1,0.15,0.03,,2400,0.08328541626804907,0.9281695836457915,0.0,0.0,False,0.5608717785960461,1.6641161265951627,0.3,0.06104974123119992,True,True,boundary (singular) fit: see help('isSingular'),boundary (singular) fit: see help('isSingular'),0.0685,0.1023,0.503,-0.132,0.269,False,-0.0315,True,0.0,0.0551,,0.0,0.0,"[0, 0, -0.0551, 0.0014]","[0, 0, ""-Inf"", 0]",model_intercept_sd_zero,model_intercept_sd_zero
s0p1_m0p15_i0p15,12,92619012,M1,24,100,0.6,0.1,0.3,0.1,0.15,0.15,,2400,0.08328541626804907,0.9281695836457915,0.0,0.0,False,0.5608717785960461,1.6641161265951627,0.3,0.06104974123119992,True,True,boundary (singular) fit: see help('isSingular'),boundary (singular) fit: see help('isSingular'),0.0212,0.1088,0.8452,-0.192,0.2345,False,-0.0788,True,0.2581,0.1781,-1.0,0.0564,0.0,"[0.0564, 0.2581, -0.1781, 0]","[0, 0, ""-Inf"", 0]",model_corr_boundary,model_corr_boundary
s0p02_m0p03_i0p03,13,92619013,M1,24,100,0.6,0.1,0.3,0.02,0.03,0.03,,2400,0.06260117505901801,0.9751539126444856,0.0,0.08333333333333333,False,0.5980849299080145,2.2390323392359575,0.3,0.6372284345563475,True,True,boundary (singular) fit: see help('isSingular'),boundary (singular) fit: see help('isSingular'),0.2026,0.1095,0.0644,-0.0121,0.4173,False,0.1026,True,0.0,0.1395,,0.0,0.0,"[0, 0, 0.1392, 0.0083]","[0, 0, ""-Inf"", 0]",model_intercept_sd_zero,model_intercept_sd_zero
s0p02_m0p03_i0p15,13,92619013,M1,24,100,0.6,0.1,0.3,0.02,0.03,0.15,,2400,0.06260117505901801,0.9751539126444856,0.0,0.08333333333333333,False,0.5980849299080145,2.2390323392359575,0.3,0.6372284345563475,True,True,boundary (singular) fit: see help('isSingular'),boundary (singular) fit: see help('isSingular'),0.2231,0.1078,0.0385,0.0118,0.4344,True,0.1231,True,0.0,0.1104,,0.0789,0.0,"[0.0789, 0, 0.0871, 0.0678]","[0, 0, ""-Inf"", 0]",model_intercept_sd_zero,model_intercept_sd_zero
s0p02_m0p15_i0p03,13,92619013,M1,24,100,0.6,0.1,0.3,0.02,0.15,0.03,,2400,0.06260117505901801,0.9751539126444856,0.0,0.08333333333333333,False,0.5980849299080145,2.2390323392359575,0.3,0.6372284345563475,True,True,boundary (singular) fit: see help('isSingular'),boundary (singular) fit: see help('isSingular'),0.1734,0.1171,0.1386,-0.0561,0.4029,False,0.0734,True,0.0,0.225,,0.1328,0.0,"[0.1328, 0, -0.1899, 0.1206]","[0, 0, ""-Inf"", 0]",model_intercept_sd_zero,model_intercept_sd_zero
s0p02_m0p15_i0p15,13,92619013,M1,24,100,0.6,0.1,0.3,0.02,0.15,0.15,,2400,0.06260117505901801,0.9751539126444856,0.0,0.08333333333333333,False,0.5980849299080145,2.2390323392359575,0.3,0.6372284345563475,True,True,boundary (singular) fit: see help('isSingular'),boundary (singular) fit: see help('isSingular'),0.1976,0.1096,0.0715,-0.0173,0.4126,False,0.0976,True,0.0,0.1385,,0.0,0.0,"[0, 0, -0.1359, 0.0268]","[0, 0, ""-Inf"", 0]",model_intercept_sd_zero,model_intercept_sd_zero
s0p1_m0p03_i0p03,13,92619013,M1,24,100,0.6,0.1,0.3,0.1,0.03,0.03,,2400,0.06260117505901801,0.9751539126444856,0.0,0.08333333333333333,False,0.5980849299080145,2.2390323392359575,0.3,0.6372284345563474,True,True,boundary (singular) fit: see help('isSingular'),boundary (singular) fit: see help('isSingular'),0.2175,0.1073,0.0427,0.0071,0.4279,True,0.1175,True,0.0,0.1047,,0.0,0.0,"[0, 0, 0.1036, 0.0153]","[0, 0, ""-Inf"", 0]",model_intercept_sd_zero,model_intercept_sd_zero
s0p1_m0p03_i0p15,13,92619013,M1,24,100,0.6,0.1,0.3,0.1,0.03,0.15,,2400,0.06260117505901801,0.9751539126444856,0.0,0.08333333333333333,False,0.5980849299080145,2.2390323392359575,0.3,0.6372284345563474,True,True,boundary (singular) fit: see help('isSingular'),boundary (singular) fit: see help('isSingular'),0.1926,0.1042,0.0646,-0.0117,0.3969,False,0.0926,True,0.0,0.0,,0.0819,0.0,"[0.0819, 0, -2.6578e-07, 0]","[0, 0, ""-Inf"", 0]",model_slope_sd_zero,model_slope_sd_zero
s0p1_m0p15_i0p03,13,92619013,M1,24,100,0.6,0.1,0.3,0.1,0.15,0.03,,2400,0.06260117505901801,0.9751539126444856,0.0,0.08333333333333333,False,0.5980849299080145,2.2390323392359575,0.3,0.6372284345563471,True,True,boundary (singular) fit: see help('isSingular'),boundary (singular) fit: see help('isSingular'),0.1815,0.1065,0.0884,-0.0273,0.3902,False,0.0815,True,0.1022,0.0627,1.0,0.1392,0.0,"[0.1392, 0.1022, 0.0627, 0]","[0, 0, ""-Inf"", 0]",model_corr_boundary,model_corr_boundary
s0p1_m0p15_i0p15,13,92619013,M1,24,100,0.6,0.1,0.3,0.1,0.15,0.15,,2400,0.06260117505901801,0.9751539126444856,0.0,0.08333333333333333,False,0.5980849299080145,2.2390323392359575,0.3,0.6372284345563471,True,True,boundary (singular) fit: see help('isSingular'),boundary (singular) fit: see help('isSingular'),0.1663,0.1109,0.1338,-0.0511,0.3836,False,0.0663,True,0.0,0.1573,,0.0805,0.0,"[0.0805, 0, -0.1352, 0.0803]","[0, 0, ""-Inf"", 0]",model_intercept_sd_zero,model_intercept_sd_zero
s0p02_m0p03_i0p03,14,92619014,M1,24,100,0.6,0.1,0.3,0.02,0.03,0.03,,2400,0.07085431830517583,0.9622241337356354,0.0,0.08333333333333333,False,0.5899505013287611,2.354123606074773,0.3,0.3185380713177714,True,True,boundary (singular) fit: see help('isSingular'),boundary (singular) fit: see help('isSingular'),0.1449,0.1097,0.1866,-0.0702,0.36,False,0.0449,True,0.1551,0.123,-1.0,0.1289,0.0,"[0.1289, 0.1551, -0.123, 0]","[0, 0, ""-Inf"", 0]",model_corr_boundary,model_corr_boundary
s0p02_m0p03_i0p15,14,92619014,M1,24,100,0.6,0.1,0.3,0.02,0.03,0.15,,2400,0.07085431830517583,0.9622241337356354,0.0,0.08333333333333333,False,0.5899505013287611,2.354123606074773,0.3,0.3185380713177714,True,True,boundary (singular) fit: see help('isSingular'),boundary (singular) fit: see help('isSingular'),0.1558,0.1075,0.1471,-0.0548,0.3665,False,0.0558,True,0.1357,0.056,-1.0,0.2123,8.6736e-19,"[0.2123, 0.1357, -0.056, 0]","[0, 0, ""-Inf"", 0]",model_corr_boundary,model_corr_boundary
s0p02_m0p15_i0p03,14,92619014,M1,24,100,0.6,0.1,0.3,0.02,0.15,0.03,,2400,0.07085431830517583,0.9622241337356354,0.0,0.08333333333333333,False,0.5899505013287611,2.354123606074773,0.3,0.3185380713177715,True,True,boundary (singular) fit: see help('isSingular'),boundary (singular) fit: see help('isSingular'),0.1614,0.1072,0.1321,-0.0486,0.3714,False,0.0614,True,0.0,0.0781,,0.0421,0.0,"[0.0421, 0, -0.0781, 0.002]","[0, 0, ""-Inf"", 0]",model_intercept_sd_zero,model_intercept_sd_zero
s0p02_m0p15_i0p15,14,92619014,M1,24,100,0.6,0.1,0.3,0.02,0.15,0.15,,2400,0.07085431830517583,0.9622241337356354,0.0,0.08333333333333333,False,0.5899505013287611,2.354123606074773,0.3,0.3185380713177715,True,True,boundary (singular) fit: see help('isSingular'),boundary (singular) fit: see help('isSingular'),0.1391,0.1133,0.2194,-0.0829,0.3611,False,0.0391,True,0.0,0.1743,,0.2225,0.0,"[0.2225, 0, -0.1742, 0.0039]","[0, 0, ""-Inf"", 0]",model_intercept_sd_zero,model_intercept_sd_zero
s0p1_m0p03_i0p03,14,92619014,M1,24,100,0.6,0.1,0.3,0.1,0.03,0.03,,2400,0.07085431830517583,0.9622241337356354,0.0,0.08333333333333333,False,0.5899505013287611,2.354123606074773,0.3,0.3185380713177714,True,True,boundary (singular) fit: see help('isSingular'),boundary (singular) fit: see help('isSingular'),0.1509,0.1083,0.1635,-0.0614,0.3632,False,0.0509,True,0.1543,0.0874,-1.0,0.1195,-8.6736e-19,"[0.1195, 0.1543, -0.0874, 0]","[0, 0, ""-Inf"", 0]",model_corr_boundary,model_corr_boundary
s0p1_m0p03_i0p15,14,92619014,M1,24,100,0.6,0.1,0.3,0.1,0.03,0.15,,2400,0.07085431830517583,0.9622241337356354,0.0,0.08333333333333333,False,0.5899505013287611,2.354123606074773,0.3,0.3185380713177714,True,True,boundary (singular) fit: see help('isSingular'),boundary (singular) fit: see help('isSingular'),0.1726,0.1079,0.1095,-0.0388,0.384,False,0.0726,True,0.0,0.0666,,0.218,0.0,"[0.218, 0, -0.0229, 0.0626]","[0, 0, ""-Inf"", 0]",model_intercept_sd_zero,model_intercept_sd_zero
s0p1_m0p15_i0p03,14,92619014,M1,24,100,0.6,0.1,0.3,0.1,0.15,0.03,,2400,0.07085431830517583,0.9622241337356354,0.0,0.08333333333333333,False,0.5899505013287611,2.354123606074773,0.3,0.31853807131777145,True,True,boundary (singular) fit: see help('isSingular'),boundary (singular) fit: see help('isSingular'),0.1554,0.1136,0.1715,-0.0673,0.3781,False,0.0554,True,0.0,0.1821,,0.0181,0.0,"[0.0181, 0, -0.1821, 0.0002]","[0, 0, ""-Inf"", 0]",model_intercept_sd_zero,model_intercept_sd_zero
s0p1_m0p15_i0p15,14,92619014,M1,24,100,0.6,0.1,0.3,0.1,0.15,0.15,,2400,0.07085431830517583,0.9622241337356354,0.0,0.08333333333333333,False,0.5899505013287611,2.354123606074773,0.3,0.31853807131777145,True,True,boundary (singular) fit: see help('isSingular'),boundary (singular) fit: see help('isSingular'),0.1802,0.1124,0.1087,-0.04,0.4005,False,0.0802,True,0.0,0.1608,,0.2155,0.0,"[0.2155, 0, -0.1605, 0.0103]","[0, 0, ""-Inf"", 0]",model_intercept_sd_zero,model_intercept_sd_zero
s0p02_m0p03_i0p03,15,92619015,M1,24,100,0.6,0.1,0.3,0.02,0.03,0.03,,2400,0.04744087716927733,0.9400159918338791,0.041666666666666664,0.0,False,0.6011380001532061,1.987616269413913,0.3,0.054305151127842205,True,True,boundary (singular) fit: see help('isSingular'),boundary (singular) fit: see help('isSingular'),-0.1836,0.1287,0.1538,-0.4358,0.0687,False,-0.2836,False,0.1853,0.3207,-1.0,0.0,-3.4694e-18,"[0, 0.1853, -0.3207, 0]","[0, 0, ""-Inf"", 0]",model_corr_boundary,model_corr_boundary
s0p02_m0p03_i0p15,15,92619015,M1,24,100,0.6,0.1,0.3,0.02,0.03,0.15,,2400,0.04744087716927733,0.9400159918338791,0.041666666666666664,0.0,False,0.6011380001532061,1.987616269413913,0.3,0.054305151127842205,True,True,boundary (singular) fit: see help('isSingular'),boundary (singular) fit: see help('isSingular'),-0.1809,0.1211,0.1352,-0.4182,0.0564,False,-0.2809,False,0.1694,0.2548,-1.0,0.0,-3.4694e-18,"[0, 0.1694, -0.2548, 0]","[0, 0, ""-Inf"", 0]",model_corr_boundary,model_corr_boundary
s0p02_m0p15_i0p03,15,92619015,M1,24,100,0.6,0.1,0.3,0.02,0.15,0.03,,2400,0.04744087716927733,0.9400159918338791,0.041666666666666664,0.0,False,0.6011380001532061,1.987616269413913,0.3,0.054305151127842156,True,True,boundary (singular) fit: see help('isSingular'),boundary (singular) fit: see help('isSingular'),-0.1717,0.1234,0.1642,-0.4136,0.0702,False,-0.2717,False,0.1694,0.2793,-0.6749,0.0,0.013,"[0, 0.1694, -0.1885, 0.2061]","[0, 0, ""-Inf"", 0]",item_intercept_sd_zero,item_intercept_sd_zero
s0p02_m0p15_i0p15,15,92619015,M1,24,100,0.6,0.1,0.3,0.02,0.15,0.15,,2400,0.04744087716927733,0.9400159918338791,0.041666666666666664,0.0,False,0.6011380001532061,1.987616269413913,0.3,0.054305151127842156,True,True,boundary (singular) fit: see help('isSingular'),boundary (singular) fit: see help('isSingular'),-0.0987,0.1165,0.3965,-0.327,0.1295,False,-0.1987,True,0.0,0.2207,,0.0,0.0,"[0, 0, 0.215, 0.0502]","[0, 0, ""-Inf"", 0]",model_intercept_sd_zero,model_intercept_sd_zero
s0p1_m0p03_i0p03,15,92619015,M1,24,100,0.6,0.1,0.3,0.1,0.03,0.03,,2400,0.04744087716927733,0.9400159918338791,0.041666666666666664,0.0,False,0.6011380001532061,1.987616269413913,0.3,0.05430515112784218,True,True,boundary (singular) fit: see help('isSingular'),boundary (singular) fit: see help('isSingular'),-0.1938,0.1168,0.0969,-0.4227,0.035,False,-0.2938,False,0.0,0.2129,,0.0,0.0,"[0, 0, 0.0055, 0.2128]","[0, 0, ""-Inf"", 0]",model_intercept_sd_zero,model_intercept_sd_zero
s0p1_m0p03_i0p15,15,92619015,M1,24,100,0.6,0.1,0.3,0.1,0.03,0.15,,2400,0.04744087716927733,0.9400159918338791,0.041666666666666664,0.0,False,0.6011380001532061,1.987616269413913,0.3,0.05430515112784218,True,True,boundary (singular) fit: see help('isSingular'),boundary (singular) fit: see help('isSingular'),-0.1987,0.1336,0.137,-0.4606,0.0632,False,-0.2987,False,0.1763,0.3601,-1.0,2.4632e-07,0.0,"[2.4632e-07, 0.1763, -0.3601, 0]","[0, 0, ""-Inf"", 0]",model_corr_boundary,model_corr_boundary
s0p1_m0p15_i0p03,15,92619015,M1,24,100,0.6,0.1,0.3,0.1,0.15,0.03,,2400,0.04744087716927733,0.9400159918338791,0.041666666666666664,0.0,False,0.6011380001532061,1.987616269413913,0.3,0.054305151127842115,True,True,boundary (singular) fit: see help('isSingular'),boundary (singular) fit: see help('isSingular'),-0.1474,0.1354,0.2762,-0.4128,0.1179,False,-0.2474,True,0.1693,0.3769,-0.6276,0.0,0.016,"[0, 0.1693, -0.2366, 0.2934]","[0, 0, ""-Inf"", 0]",item_intercept_sd_zero,item_intercept_sd_zero
s0p1_m0p15_i0p15,15,92619015,M1,24,100,0.6,0.1,0.3,0.1,0.15,0.15,,2400,0.04744087716927733,0.9400159918338791,0.041666666666666664,0.0,False,0.6011380001532061,1.987616269413913,0.3,0.054305151127842115,True,True,boundary (singular) fit: see help('isSingular'),boundary (singular) fit: see help('isSingular'),-0.0911,0.1344,0.4978,-0.3545,0.1723,False,-0.1911,True,0.1538,0.3741,-0.698,0.0,0.0111,"[0, 0.1538, -0.2611, 0.2679]","[0, 0, ""-Inf"", 0]",item_intercept_sd_zero,item_intercept_sd_zero
s0p02_m0p03_i0p03,16,92619016,M1,24,100,0.6,0.1,0.3,0.02,0.03,0.03,,2400,0.09638135024251167,0.9514746062879962,0.0,0.041666666666666664,False,0.5997891653625776,1.8979761841028226,0.3,-0.03111658705273009,True,True,boundary (singular) fit: see help('isSingular'),boundary (singular) fit: see help('isSingular'),0.104,0.1056,0.3246,-0.1029,0.3109,False,0.004,True,0.0,1.3282e-07,,0.0,0.0,"[0, 0, 1.3282e-07, 0]","[0, 0, ""-Inf"", 0]",model_slope_sd_zero,model_slope_sd_zero
s0p02_m0p03_i0p15,16,92619016,M1,24,100,0.6,0.1,0.3,0.02,0.03,0.15,,2400,0.09638135024251167,0.9514746062879962,0.0,0.041666666666666664,False,0.5997891653625776,1.8979761841028226,0.3,-0.03111658705273009,True,True,boundary (singular) fit: see help('isSingular'),boundary (singular) fit: see help('isSingular'),0.1272,0.106,0.2299,-0.0805,0.3349,False,0.0272,True,0.0,4.1927e-07,,0.1188,0.0,"[0.1188, 0, 4.1927e-07, 0]","[0, 0, ""-Inf"", 0]",model_slope_sd_zero,model_slope_sd_zero
s0p02_m0p15_i0p03,16,92619016,M1,24,100,0.6,0.1,0.3,0.02,0.15,0.03,,2400,0.09638135024251167,0.9514746062879962,0.0,0.041666666666666664,False,0.5997891653625776,1.8979761841028226,0.3,-0.03111658705273006,True,True,boundary (singular) fit: see help('isSingular'),boundary (singular) fit: see help('isSingular'),0.0614,0.106,0.5627,-0.1465,0.2692,False,-0.0386,True,0.0,1.1287e-06,,0.0,0.0,"[0, 0, 1.1287e-06, 0]","[0, 0, ""-Inf"", 0]",model_slope_sd_zero,model_slope_sd_zero
s0p02_m0p15_i0p15,16,92619016,M1,24,100,0.6,0.1,0.3,0.02,0.15,0.15,,2400,0.09638135024251167,0.9514746062879962,0.0,0.041666666666666664,False,0.5997891653625776,1.8979761841028226,0.3,-0.03111658705273006,True,True,boundary (singular) fit: see help('isSingular'),boundary (singular) fit: see help('isSingular'),0.1184,0.106,0.264,-0.0894,0.3262,False,0.0184,True,0.0,1.0655e-06,,0.1065,0.0,"[0.1065, 0, 1.0655e-06, 0]","[0, 0, ""-Inf"", 0]",model_slope_sd_zero,model_slope_sd_zero
s0p1_m0p03_i0p03,16,92619016,M1,24,100,0.6,0.1,0.3,0.1,0.03,0.03,,2400,0.09638135024251167,0.9514746062879962,0.0,0.041666666666666664,False,0.5997891653625776,1.8979761841028226,0.3,-0.031116587052730123,True,True,boundary (singular) fit: see help('isSingular'),boundary (singular) fit: see help('isSingular'),0.1,0.1058,0.3444,-0.1073,0.3073,False,3.8849e-06,True,0.0,2.0243e-07,,1.801e-07,0.0,"[1.801e-07, 0, -3.7048e-08, 1.9901e-07]","[0, 0, ""-Inf"", 0]",model_slope_sd_zero,model_slope_sd_zero
s0p1_m0p03_i0p15,16,92619016,M1,24,100,0.6,0.1,0.3,0.1,0.03,0.15,,2400,0.09638135024251167,0.9514746062879962,0.0,0.041666666666666664,False,0.5997891653625776,1.8979761841028226,0.3,-0.031116587052730123,True,True,boundary (singular) fit: see help('isSingular'),boundary (singular) fit: see help('isSingular'),0.1358,0.106,0.2,-0.0719,0.3435,False,0.0358,True,7.4086e-06,0.0,-1.0,0.0817,6.4623e-27,"[0.0817, 7.4086e-06, 0, 0]","[0, 0, ""-Inf"", 0]",model_slope_sd_zero,model_slope_sd_zero
s0p1_m0p15_i0p03,16,92619016,M1,24,100,0.6,0.1,0.3,0.1,0.15,0.03,,2400,0.09638135024251167,0.9514746062879962,0.0,0.041666666666666664,False,0.5997891653625776,1.8979761841028226,0.3,-0.031116587052730137,True,True,boundary (singular) fit: see help('isSingular'),boundary (singular) fit: see help('isSingular'),0.0837,0.1084,0.4403,-0.1288,0.2962,False,-0.0163,True,0.0406,0.0978,-1.0,0.0,-2.1684e-19,"[0, 0.0406, -0.0978, 0]","[0, 0, ""-Inf"", 0]",model_corr_boundary,model_corr_boundary
s0p1_m0p15_i0p15,16,92619016,M1,24,100,0.6,0.1,0.3,0.1,0.15,0.15,,2400,0.09638135024251167,0.9514746062879962,0.0,0.041666666666666664,False,0.5997891653625776,1.8979761841028226,0.3,-0.031116587052730137,True,True,boundary (singular) fit: see help('isSingular'),boundary (singular) fit: see help('isSingular'),0.1225,0.1094,0.263,-0.092,0.3369,False,0.0225,True,0.0384,0.1178,-1.0,0.1244,0.0,"[0.1244, 0.0384, -0.1178, 0]","[0, 0, ""-Inf"", 0]",model_corr_boundary,model_corr_boundary
s0p02_m0p03_i0p03,17,92619017,M1,24,100,0.6,0.1,0.3,0.02,0.03,0.03,,2400,0.05558747909779451,0.9169886705712837,0.0,0.0,False,0.6090323410408196,1.749329901120837,0.3,0.33345670052635096,True,True,boundary (singular) fit: see help('isSingular'),boundary (singular) fit: see help('isSingular'),-0.1073,0.1238,0.3861,-0.3499,0.1354,False,-0.2073,True,0.0984,0.2586,-1.0,0.1982,6.8001e-16,"[0.1982, 0.0984, -0.2586, 7.3326e-08]","[0, 0, ""-Inf"", 0]",model_corr_boundary,model_corr_boundary
s0p02_m0p03_i0p15,17,92619017,M1,24,100,0.6,0.1,0.3,0.02,0.03,0.15,,2400,0.05558747909779451,0.9169886705712837,0.0,0.0,False,0.6090323410408196,1.749329901120837,0.3,0.33345670052635096,True,True,boundary (singular) fit: see help('isSingular'),boundary (singular) fit: see help('isSingular'),-0.1048,0.1247,0.4006,-0.3493,0.1396,False,-0.2048,True,0.1196,0.2664,-1.0,0.1986,-1.7347e-18,"[0.1986, 0.1196, -0.2664, 0]","[0, 0, ""-Inf"", 0]",model_corr_boundary,model_corr_boundary
s0p02_m0p15_i0p03,17,92619017,M1,24,100,0.6,0.1,0.3,0.02,0.15,0.03,,2400,0.05558747909779451,0.9169886705712837,0.0,0.0,False,0.6090323410408196,1.749329901120837,0.3,0.33345670052635096,True,True,boundary (singular) fit: see help('isSingular'),boundary (singular) fit: see help('isSingular'),-0.1265,0.1332,0.3423,-0.3877,0.1346,False,-0.2265,True,0.1444,0.3368,-1.0,0.2082,2.2455e-13,"[0.2082, 0.1444, -0.3368, 1.2024e-06]","[0, 0, ""-Inf"", 0]",model_corr_boundary,model_corr_boundary
s0p02_m0p15_i0p15,17,92619017,M1,24,100,0.6,0.1,0.3,0.02,0.15,0.15,,2400,0.05558747909779451,0.9169886705712837,0.0,0.0,False,0.6090323410408196,1.749329901120837,0.3,0.33345670052635096,True,False,[],,-0.0779,0.1294,0.5473,-0.3315,0.1758,False,-0.1779,True,0.1857,0.3017,-0.7444,0.1457,0.0124,"[0.1457, 0.1857, -0.2246, 0.2015]","[0, 0, ""-Inf"", 0]",non_singular,non_singular
s0p1_m0p03_i0p03,17,92619017,M1,24,100,0.6,0.1,0.3,0.1,0.03,0.03,,2400,0.05558747909779451,0.9169886705712837,0.0,0.0,False,0.6090323410408196,1.749329901120837,0.3,0.33345670052635096,True,True,boundary (singular) fit: see help('isSingular'),boundary (singular) fit: see help('isSingular'),-0.1234,0.1326,0.3522,-0.3833,0.1366,False,-0.2234,True,0.1106,0.339,-1.0,0.2025,0.0,"[0.2025, 0.1106, -0.339, 0]","[0, 0, ""-Inf"", 0]",model_corr_boundary,model_corr_boundary
s0p1_m0p03_i0p15,17,92619017,M1,24,100,0.6,0.1,0.3,0.1,0.03,0.15,,2400,0.05558747909779451,0.9169886705712837,0.0,0.0,False,0.6090323410408196,1.749329901120837,0.3,0.33345670052635096,True,True,boundary (singular) fit: see help('isSingular'),boundary (singular) fit: see help('isSingular'),-0.1168,0.1352,0.3875,-0.3818,0.1481,False,-0.2168,True,0.1325,0.3597,-1.0,0.1798,-3.4694e-18,"[0.1798, 0.1325, -0.3597, 0]","[0, 0, ""-Inf"", 0]",model_corr_boundary,model_corr_boundary
s0p1_m0p15_i0p03,17,92619017,M1,24,100,0.6,0.1,0.3,0.1,0.15,0.03,,2400,0.05558747909779451,0.9169886705712837,0.0,0.0,False,0.6090323410408196,1.749329901120837,0.3,0.333456700526351,True,True,boundary (singular) fit: see help('isSingular'),boundary (singular) fit: see help('isSingular'),-0.1381,0.1411,0.3275,-0.4146,0.1384,False,-0.2381,True,0.1439,0.4012,-1.0,0.1768,6.9389e-18,"[0.1768, 0.1439, -0.4012, 0]","[0, 0, ""-Inf"", 0]",model_corr_boundary,model_corr_boundary
s0p1_m0p15_i0p15,17,92619017,M1,24,100,0.6,0.1,0.3,0.1,0.15,0.15,,2400,0.05558747909779451,0.9169886705712837,0.0,0.0,False,0.6090323410408196,1.749329901120837,0.3,0.333456700526351,True,False,[],,-0.0679,0.1413,0.6305,-0.3448,0.2089,False,-0.1679,True,0.1835,0.3963,-0.8024,0.1785,0.0105,"[0.1785, 0.1835, -0.318, 0.2365]","[0, 0, ""-Inf"", 0]",non_singular,non_singular
s0p02_m0p03_i0p03,18,92619018,M1,24,100,0.6,0.1,0.3,0.02,0.03,0.03,,2400,0.04078788446415506,0.9537082899868867,0.125,0.041666666666666664,True,0.6148778417908368,2.180382437754982,0.3,0.33037823969419056,True,True,boundary (singular) fit: see help('isSingular'),boundary (singular) fit: see help('isSingular'),0.1754,0.1066,0.0997,-0.0335,0.3843,False,0.0754,True,0.0,6.3578e-07,,0.0735,0.0,"[0.0735, 0, 6.3578e-07, 0]","[0, 0, ""-Inf"", 0]",model_slope_sd_zero,model_slope_sd_zero
s0p02_m0p03_i0p15,18,92619018,M1,24,100,0.6,0.1,0.3,0.02,0.03,0.15,,2400,0.04078788446415506,0.9537082899868867,0.125,0.041666666666666664,True,0.6148778417908368,2.180382437754982,0.3,0.33037823969419056,True,True,boundary (singular) fit: see help('isSingular'),boundary (singular) fit: see help('isSingular'),0.1461,0.107,0.172,-0.0636,0.3557,False,0.0461,True,0.0,7.2872e-07,,0.0001,0.0,"[0.0001, 0, 7.2872e-07, 0]","[0, 0, ""-Inf"", 0]",model_slope_sd_zero,model_slope_sd_zero
s0p02_m0p15_i0p03,18,92619018,M1,24,100,0.6,0.1,0.3,0.02,0.15,0.03,,2400,0.04078788446415506,0.9537082899868867,0.125,0.041666666666666664,True,0.6148778417908368,2.180382437754982,0.3,0.33037823969419045,True,True,boundary (singular) fit: see help('isSingular'),boundary (singular) fit: see help('isSingular'),0.1704,0.108,0.1146,-0.0412,0.382,False,0.0704,True,0.1524,0.0535,-1.0,0.0,-4.3368e-19,"[0, 0.1524, -0.0535, 0]","[0, 0, ""-Inf"", 0]",model_corr_boundary,model_corr_boundary
s0p02_m0p15_i0p15,18,92619018,M1,24,100,0.6,0.1,0.3,0.02,0.15,0.15,,2400,0.04078788446415506,0.9537082899868867,0.125,0.041666666666666664,True,0.6148778417908368,2.180382437754982,0.3,0.33037823969419045,True,True,boundary (singular) fit: see help('isSingular'),boundary (singular) fit: see help('isSingular'),0.1648,0.1078,0.1265,-0.0466,0.3761,False,0.0648,True,0.1149,0.0451,-1.0,0.0,-2.1684e-19,"[0, 0.1149, -0.0451, 0]","[0, 0, ""-Inf"", 0]",model_corr_boundary,model_corr_boundary
s0p1_m0p03_i0p03,18,92619018,M1,24,100,0.6,0.1,0.3,0.1,0.03,0.03,,2400,0.04078788446415506,0.9537082899868867,0.125,0.041666666666666664,True,0.6148778417908368,2.180382437754982,0.3,0.33037823969419045,True,True,boundary (singular) fit: see help('isSingular'),boundary (singular) fit: see help('isSingular'),0.1975,0.1068,0.0644,-0.0118,0.4067,False,0.0975,True,0.0,3.6447e-08,,0.0,0.0,"[0, 0, 3.6447e-08, 0]","[0, 0, ""-Inf"", 0]",model_slope_sd_zero,model_slope_sd_zero
s0p1_m0p03_i0p15,18,92619018,M1,24,100,0.6,0.1,0.3,0.1,0.03,0.15,,2400,0.04078788446415506,0.9537082899868867,0.125,0.041666666666666664,True,0.6148778417908368,2.180382437754982,0.3,0.33037823969419045,True,True,boundary (singular) fit: see help('isSingular'),boundary (singular) fit: see help('isSingular'),0.1784,0.1073,0.0962,-0.0318,0.3886,False,0.0784,True,1.2648e-07,2.2108e-07,-1.0,0.0307,0.0,"[0.0307, 1.2648e-07, -2.2108e-07, 0]","[0, 0, ""-Inf"", 0]",model_slope_sd_zero,model_slope_sd_zero
s0p1_m0p15_i0p03,18,92619018,M1,24,100,0.6,0.1,0.3,0.1,0.15,0.03,,2400,0.04078788446415506,0.9537082899868867,0.125,0.041666666666666664,True,0.6148778417908368,2.180382437754982,0.3,0.3303782396941904,True,True,boundary (singular) fit: see help('isSingular'),boundary (singular) fit: see help('isSingular'),0.1805,0.108,0.0946,-0.0312,0.3921,False,0.0805,True,0.1489,0.0524,-1.0,0.0,-8.6736e-19,"[0, 0.1489, -0.0524, 0]","[0, 0, ""-Inf"", 0]",model_corr_boundary,model_corr_boundary
s0p1_m0p15_i0p15,18,92619018,M1,24,100,0.6,0.1,0.3,0.1,0.15,0.15,,2400,0.04078788446415506,0.9537082899868867,0.125,0.041666666666666664,True,0.6148778417908368,2.180382437754982,0.3,0.3303782396941904,True,True,boundary (singular) fit: see help('isSingular'),boundary (singular) fit: see help('isSingular'),0.1984,0.1079,0.066,-0.0131,0.4099,False,0.0984,True,0.1191,0.0363,-1.0,0.0,2.1684e-19,"[0, 0.1191, -0.0363, 0]","[0, 0, ""-Inf"", 0]",model_corr_boundary,model_corr_boundary
s0p02_m0p03_i0p03,19,92619019,M1,24,100,0.6,0.1,0.3,0.02,0.03,0.03,,2400,0.02111414669023245,0.9031970838232951,0.08333333333333333,0.0,False,0.586003688380145,2.4115243006957563,0.3,0.04311576429054918,True,True,boundary (singular) fit: see help('isSingular'),boundary (singular) fit: see help('isSingular'),-0.0705,0.1065,0.5081,-0.2793,0.1383,False,-0.1705,True,0.0,4.3494e-07,,0.1863,0.0,"[0.1863, 0, -4.3494e-07, 0]","[0, 0, ""-Inf"", 0]",model_slope_sd_zero,model_slope_sd_zero
s0p02_m0p03_i0p15,19,92619019,M1,24,100,0.6,0.1,0.3,0.02,0.03,0.15,,2400,0.02111414669023245,0.9031970838232951,0.08333333333333333,0.0,False,0.586003688380145,2.4115243006957563,0.3,0.04311576429054918,True,True,boundary (singular) fit: see help('isSingular'),boundary (singular) fit: see help('isSingular'),-0.0731,0.107,0.4945,-0.2827,0.1366,False,-0.1731,True,0.0,9.1464e-07,,0.229,0.0,"[0.229, 0, 9.1464e-07, 0]","[0, 0, ""-Inf"", 0]",model_slope_sd_zero,model_slope_sd_zero
s0p02_m0p15_i0p03,19,92619019,M1,24,100,0.6,0.1,0.3,0.02,0.15,0.03,,2400,0.02111414669023245,0.9031970838232951,0.08333333333333333,0.0,False,0.586003688380145,2.4115243006957563,0.3,0.043115764290549204,True,True,boundary (singular) fit: see help('isSingular'),boundary (singular) fit: see help('isSingular'),-0.0451,0.1063,0.6714,-0.2534,0.1632,False,-0.1451,True,0.0,4.4339e-07,,0.1706,0.0,"[0.1706, 0, 4.4339e-07, 0]","[0, 0, ""-Inf"", 0]",model_slope_sd_zero,model_slope_sd_zero
s0p02_m0p15_i0p15,19,92619019,M1,24,100,0.6,0.1,0.3,0.02,0.15,0.15,,2400,0.02111414669023245,0.9031970838232951,0.08333333333333333,0.0,False,0.586003688380145,2.4115243006957563,0.3,0.043115764290549204,True,True,boundary (singular) fit: see help('isSingular'),boundary (singular) fit: see help('isSingular'),-0.0506,0.1067,0.6352,-0.2599,0.1586,False,-0.1506,True,3.9951e-07,4.7084e-06,1.0,0.1758,2.5244e-29,"[0.1758, 3.9951e-07, 4.7084e-06, 0]","[0, 0, ""-Inf"", 0]",model_slope_sd_zero,model_slope_sd_zero
s0p1_m0p03_i0p03,19,92619019,M1,24,100,0.6,0.1,0.3,0.1,0.03,0.03,,2400,0.02111414669023245,0.9031970838232951,0.08333333333333333,0.0,False,0.586003688380145,2.4115243006957563,0.3,0.04311576429054912,True,True,boundary (singular) fit: see help('isSingular'),boundary (singular) fit: see help('isSingular'),-0.0777,0.1066,0.4662,-0.2865,0.1312,False,-0.1777,True,5.77e-07,1.3574e-06,-1.0,0.1827,-5.0487e-29,"[0.1827, 5.77e-07, -1.3574e-06, 0]","[0, 0, ""-Inf"", 0]",model_slope_sd_zero,model_slope_sd_zero
s0p1_m0p03_i0p15,19,92619019,M1,24,100,0.6,0.1,0.3,0.1,0.03,0.15,,2400,0.02111414669023245,0.9031970838232951,0.08333333333333333,0.0,False,0.586003688380145,2.4115243006957563,0.3,0.04311576429054912,True,True,boundary (singular) fit: see help('isSingular'),boundary (singular) fit: see help('isSingular'),-0.0646,0.107,0.5462,-0.2744,0.1452,False,-0.1646,True,9.1624e-08,2.0121e-07,-1.0,0.2439,-7.8886e-31,"[0.2439, 9.1624e-08, -2.0121e-07, 0]","[0, 0, ""-Inf"", 0]",model_slope_sd_zero,model_slope_sd_zero
s0p1_m0p15_i0p03,19,92619019,M1,24,100,0.6,0.1,0.3,0.1,0.15,0.03,,2400,0.02111414669023245,0.9031970838232951,0.08333333333333333,0.0,False,0.586003688380145,2.4115243006957563,0.3,0.04311576429054907,True,True,boundary (singular) fit: see help('isSingular'),boundary (singular) fit: see help('isSingular'),-0.0573,0.1064,0.59,-0.2658,0.1512,False,-0.1573,True,0.0,2.3017e-07,,0.1711,0.0,"[0.1711, 0, -2.3017e-07, 0]","[0, 0, ""-Inf"", 0]",model_slope_sd_zero,model_slope_sd_zero
s0p1_m0p15_i0p15,19,92619019,M1,24,100,0.6,0.1,0.3,0.1,0.15,0.15,,2400,0.02111414669023245,0.9031970838232951,0.08333333333333333,0.0,False,0.586003688380145,2.4115243006957563,0.3,0.04311576429054907,True,True,boundary (singular) fit: see help('isSingular'),boundary (singular) fit: see help('isSingular'),-0.033,0.1067,0.7573,-0.242,0.1761,False,-0.133,True,5.6767e-07,3.7986e-06,-1.0,0.1724,-5.0487e-29,"[0.1724, 5.6767e-07, -3.7986e-06, 0]","[0, 0, ""-Inf"", 0]",model_slope_sd_zero,model_slope_sd_zero
s0p02_m0p03_i0p03,20,92619020,M1,24,100,0.6,0.1,0.3,0.02,0.03,0.03,,2400,0.10027130863369377,0.9432516109329355,0.0,0.0,False,0.6055197882008274,1.9353357769019,0.3,0.2740026246306067,True,True,boundary (singular) fit: see help('isSingular'),boundary (singular) fit: see help('isSingular'),0.1815,0.107,0.0898,-0.0282,0.3912,False,0.0815,True,0.1024,0.0263,1.0,0.1107,2.1684e-19,"[0.1107, 0.1024, 0.0263, 0]","[0, 0, ""-Inf"", 0]",model_corr_boundary,model_corr_boundary
s0p02_m0p03_i0p15,20,92619020,M1,24,100,0.6,0.1,0.3,0.02,0.03,0.15,,2400,0.10027130863369377,0.9432516109329355,0.0,0.0,False,0.6055197882008274,1.9353357769019,0.3,0.2740026246306067,True,True,boundary (singular) fit: see help('isSingular'),boundary (singular) fit: see help('isSingular'),0.1332,0.1068,0.2123,-0.0761,0.3425,False,0.0332,True,0.0974,0.011,-1.0,0.1002,1.2837e-14,"[0.1002, 0.0974, -0.011, 1.1402e-07]","[0, 0, ""-Inf"", 0]",model_corr_boundary,model_corr_boundary
s0p02_m0p15_i0p03,20,92619020,M1,24,100,0.6,0.1,0.3,0.02,0.15,0.03,,2400,0.10027130863369377,0.9432516109329355,0.0,0.0,False,0.6055197882008274,1.9353357769019,0.3,0.27400262463060665,True,True,boundary (singular) fit: see help('isSingular'),boundary (singular) fit: see help('isSingular'),0.1833,0.1102,0.0961,-0.0326,0.3993,False,0.0833,True,0.0,0.1165,,0.1316,0.0,"[0.1316, 0, -0.1104, 0.0373]","[0, 0, ""-Inf"", 0]",model_intercept_sd_zero,model_intercept_sd_zero
s0p02_m0p15_i0p15,20,92619020,M1,24,100,0.6,0.1,0.3,0.02,0.15,0.15,,2400,0.10027130863369377,0.9432516109329355,0.0,0.0,False,0.6055197882008274,1.9353357769019,0.3,0.27400262463060665,True,True,boundary (singular) fit: see help('isSingular'),boundary (singular) fit: see help('isSingular'),0.1806,0.1102,0.1013,-0.0354,0.3966,False,0.0806,True,0.0,0.1161,,0.0885,0.0,"[0.0885, 0, -0.1159, 0.0069]","[0, 0, ""-Inf"", 0]",model_intercept_sd_zero,model_intercept_sd_zero
s0p1_m0p03_i0p03,20,92619020,M1,24,100,0.6,0.1,0.3,0.1,0.03,0.03,,2400,0.10027130863369377,0.9432516109329355,0.0,0.0,False,0.6055197882008274,1.9353357769019,0.3,0.2740026246306065,True,True,boundary (singular) fit: see help('isSingular'),boundary (singular) fit: see help('isSingular'),0.191,0.1075,0.0757,-0.0198,0.4017,False,0.091,True,0.1007,0.0488,1.0,0.1382,4.3368e-19,"[0.1382, 0.1007, 0.0488, 0]","[0, 0, ""-Inf"", 0]",model_corr_boundary,model_corr_boundary
s0p1_m0p03_i0p15,20,92619020,M1,24,100,0.6,0.1,0.3,0.1,0.03,0.15,,2400,0.10027130863369377,0.9432516109329355,0.0,0.0,False,0.6055197882008274,1.9353357769019,0.3,0.2740026246306065,True,True,boundary (singular) fit: see help('isSingular'),boundary (singular) fit: see help('isSingular'),0.1557,0.1074,0.1471,-0.0548,0.3661,False,0.0557,True,0.0947,0.0414,1.0,0.1179,2.1684e-19,"[0.1179, 0.0947, 0.0414, 0]","[0, 0, ""-Inf"", 0]",model_corr_boundary,model_corr_boundary
s0p1_m0p15_i0p03,20,92619020,M1,24,100,0.6,0.1,0.3,0.1,0.15,0.03,,2400,0.10027130863369377,0.9432516109329355,0.0,0.0,False,0.6055197882008274,1.9353357769019,0.3,0.2740026246306066,True,True,boundary (singular) fit: see help('isSingular'),boundary (singular) fit: see help('isSingular'),0.1796,0.1151,0.1186,-0.046,0.4052,False,0.0796,True,0.0,0.1885,,0.1544,0.0,"[0.1544, 0, -0.1869, 0.0244]","[0, 0, ""-Inf"", 0]",model_intercept_sd_zero,model_intercept_sd_zero
s0p1_m0p15_i0p15,20,92619020,M1,24,100,0.6,0.1,0.3,0.1,0.15,0.15,,2400,0.10027130863369377,0.9432516109329355,0.0,0.0,False,0.6055197882008274,1.9353357769019,0.3,0.2740026246306066,True,True,boundary (singular) fit: see help('isSingular'),boundary (singular) fit: see help('isSingular'),0.2154,0.1143,0.0595,-0.0086,0.4394,False,0.1154,True,0.0,0.1747,,0.1125,0.0,"[0.1125, 0, -0.1747, 0]","[0, 0, ""-Inf"", 0]",model_intercept_sd_zero,model_intercept_sd_zero
