rep,seed,model_spec,formula,n_models,n_items,target_corr,true_effect,slope_sd_true,tau_model_true,tau_item_true,rho_model_true,generated_rows,realized_corr,rho_model_realized,near_separation,p_min,p_max,fit_error,converged,singular,warnings,r_stderr,estimate,se,p_value,ci_low,ci_high,rejected_at_05,bias,ci_covers_truth,model_intercept_sd,model_slope_sd,model_intercept_slope_corr,item_intercept_sd,model_cov_min_eigenvalue,singular_component_reported,singular_component_reclassified,slope_zero,model_zero,item_zero,corr_boundary
1,92620001,M1_FULL_CORR,y ~ X + context_len + is_self + (1 | item_id) + (1 + is_self | model_id),24,100,0.6,0.1,0.02,0.03,0.03,0.3,2400,0.5986378984157162,0.24236465487829156,False,0.12400340944193478,0.9420822851702675,,True,True,boundary (singular) fit: see help('isSingular'),boundary (singular) fit: see help('isSingular'),0.2009,0.1154,0.0817,-0.0253,0.4271,False,0.1009,True,0.0061,0.1963,-1.0,0.0,5.1586e-13,model_corr_boundary,model_corr_boundary,False,False,True,True
1,92620001,M2_FULL_UNCORR,y ~ X + context_len + is_self + (1 | item_id) + (1 + is_self || model_id),24,100,0.6,0.1,0.02,0.03,0.03,0.3,2400,0.5986378984157162,0.24236465487829156,False,0.12400340944193478,0.9420822851702675,,True,True,boundary (singular) fit: see help('isSingular'),boundary (singular) fit: see help('isSingular'),0.2011,0.1149,0.0801,-0.0241,0.4264,False,0.1011,True,0.0,,,0.0,0.0,model_intercept_sd_zero,model_intercept_sd_zero,,True,True,
1,92620001,M3_NO_SLOPE,y ~ X + context_len + is_self + (1 | item_id) + (1 | model_id),24,100,0.6,0.1,0.02,0.03,0.03,0.3,2400,0.5986378984157162,0.24236465487829156,False,0.12400340944193478,0.9420822851702675,,True,True,boundary (singular) fit: see help('isSingular'),boundary (singular) fit: see help('isSingular'),0.1922,0.1067,0.0716,-0.0169,0.4014,False,0.0922,True,0.08,,,0.0,0.0064,item_intercept_sd_zero,item_intercept_sd_zero,,False,True,
1,92620001,M4_ITEM_ONLY,y ~ X + context_len + is_self + (1 | item_id),24,100,0.6,0.1,0.02,0.03,0.03,0.3,2400,0.5986378984157162,0.24236465487829156,False,0.12400340944193478,0.9420822851702675,,True,True,boundary (singular) fit: see help('isSingular'),boundary (singular) fit: see help('isSingular'),0.1926,0.1067,0.0709,-0.0164,0.4017,False,0.0926,True,,,,1.9966e-07,,item_intercept_sd_zero,item_intercept_sd_zero,,,True,
1,92620001,M5_MODEL_SLOPE_ONLY,y ~ X + context_len + is_self + (1 + is_self | model_id),24,100,0.6,0.1,0.02,0.03,0.03,0.3,2400,0.5986378984157162,0.24236465487829156,False,0.12400340944193478,0.9420822851702675,,True,True,boundary (singular) fit: see help('isSingular'),boundary (singular) fit: see help('isSingular'),0.2011,0.1149,0.0801,-0.0241,0.4264,False,0.1011,True,0.0,0.1901,,,0.0,model_intercept_sd_zero,model_intercept_sd_zero,False,True,,
2,92620002,M1_FULL_CORR,y ~ X + context_len + is_self + (1 | item_id) + (1 + is_self | model_id),24,100,0.6,0.1,0.02,0.03,0.03,0.3,2400,0.5895659965496871,0.2677120811816777,False,0.05408971994235833,0.9259237278006367,,True,True,boundary (singular) fit: see help('isSingular'),boundary (singular) fit: see help('isSingular'),0.1112,0.1045,0.2873,-0.0936,0.3159,False,0.0112,True,0.0,3.5348e-09,,0.0,0.0,model_slope_sd_zero,model_slope_sd_zero,True,True,True,
2,92620002,M2_FULL_UNCORR,y ~ X + context_len + is_self + (1 | item_id) + (1 + is_self || model_id),24,100,0.6,0.1,0.02,0.03,0.03,0.3,2400,0.5895659965496871,0.2677120811816777,False,0.05408971994235833,0.9259237278006367,,True,True,boundary (singular) fit: see help('isSingular'),boundary (singular) fit: see help('isSingular'),0.1112,0.1045,0.2873,-0.0936,0.3159,False,0.0112,True,0.0,,,0.0,0.0,model_intercept_sd_zero,model_intercept_sd_zero,,True,True,
2,92620002,M3_NO_SLOPE,y ~ X + context_len + is_self + (1 | item_id) + (1 | model_id),24,100,0.6,0.1,0.02,0.03,0.03,0.3,2400,0.5895659965496871,0.2677120811816777,False,0.05408971994235833,0.9259237278006367,,True,True,boundary (singular) fit: see help('isSingular'),boundary (singular) fit: see help('isSingular'),0.1112,0.1045,0.2873,-0.0936,0.3159,False,0.0112,True,0.0,,,0.0,0.0,model_intercept_sd_zero,model_intercept_sd_zero,,True,True,
2,92620002,M4_ITEM_ONLY,y ~ X + context_len + is_self + (1 | item_id),24,100,0.6,0.1,0.02,0.03,0.03,0.3,2400,0.5895659965496871,0.2677120811816777,False,0.05408971994235833,0.9259237278006367,,True,True,boundary (singular) fit: see help('isSingular'),boundary (singular) fit: see help('isSingular'),0.1112,0.1045,0.2873,-0.0936,0.3159,False,0.0112,True,,,,0.0,,item_intercept_sd_zero,item_intercept_sd_zero,,,True,
2,92620002,M5_MODEL_SLOPE_ONLY,y ~ X + context_len + is_self + (1 + is_self | model_id),24,100,0.6,0.1,0.02,0.03,0.03,0.3,2400,0.5895659965496871,0.2677120811816777,False,0.05408971994235833,0.9259237278006367,,True,True,boundary (singular) fit: see help('isSingular'),boundary (singular) fit: see help('isSingular'),0.1112,0.1045,0.2873,-0.0936,0.3159,False,0.0112,True,3.1868e-06,4.3504e-06,-1.0,,1.6156e-27,model_slope_sd_zero,model_slope_sd_zero,True,True,,True
3,92620003,M1_FULL_CORR,y ~ X + context_len + is_self + (1 | item_id) + (1 + is_self | model_id),24,100,0.6,0.1,0.02,0.03,0.03,0.3,2400,0.5875370483975425,0.26724060756528883,False,0.05993405947548676,0.9666697350698437,,True,True,boundary (singular) fit: see help('isSingular'),boundary (singular) fit: see help('isSingular'),0.2415,0.1045,0.0209,0.0366,0.4464,True,0.1415,True,0.0015,0.0036,1.0,0.0796,2.0538e-17,model_corr_boundary,model_corr_boundary,False,False,False,True
3,92620003,M2_FULL_UNCORR,y ~ X + context_len + is_self + (1 | item_id) + (1 + is_self || model_id),24,100,0.6,0.1,0.02,0.03,0.03,0.3,2400,0.5875370483975425,0.26724060756528883,False,0.05993405947548676,0.9666697350698437,,True,True,boundary (singular) fit: see help('isSingular'),boundary (singular) fit: see help('isSingular'),0.2415,0.1045,0.0209,0.0366,0.4464,True,0.1415,True,0.0,,,0.0796,0.0,model_intercept_sd_zero,model_intercept_sd_zero,,True,False,
3,92620003,M3_NO_SLOPE,y ~ X + context_len + is_self + (1 | item_id) + (1 | model_id),24,100,0.6,0.1,0.02,0.03,0.03,0.3,2400,0.5875370483975425,0.26724060756528883,False,0.05993405947548676,0.9666697350698437,,True,True,boundary (singular) fit: see help('isSingular'),boundary (singular) fit: see help('isSingular'),0.2415,0.1045,0.0209,0.0366,0.4464,True,0.1415,True,2.7193e-07,,,0.0796,7.3947e-14,model_intercept_sd_zero,model_intercept_sd_zero,,True,False,
3,92620003,M4_ITEM_ONLY,y ~ X + context_len + is_self + (1 | item_id),24,100,0.6,0.1,0.02,0.03,0.03,0.3,2400,0.5875370483975425,0.26724060756528883,False,0.05993405947548676,0.9666697350698437,,True,False,[],,0.2415,0.1046,0.021,0.0365,0.4466,True,0.1415,True,,,,0.0796,,non_singular,non_singular,,,False,
3,92620003,M5_MODEL_SLOPE_ONLY,y ~ X + context_len + is_self + (1 + is_self | model_id),24,100,0.6,0.1,0.02,0.03,0.03,0.3,2400,0.5875370483975425,0.26724060756528883,False,0.05993405947548676,0.9666697350698437,,True,True,boundary (singular) fit: see help('isSingular'),boundary (singular) fit: see help('isSingular'),0.2416,0.1045,0.0208,0.0368,0.4464,True,0.1416,True,0.0,1.7534e-07,,,0.0,model_slope_sd_zero,model_slope_sd_zero,True,True,,
4,92620004,M1_FULL_CORR,y ~ X + context_len + is_self + (1 | item_id) + (1 + is_self | model_id),24,100,0.6,0.1,0.02,0.03,0.03,0.3,2400,0.5892817586748906,0.4115944588233399,False,0.05717444673347194,0.9784199143744112,,True,True,boundary (singular) fit: see help('isSingular'),boundary (singular) fit: see help('isSingular'),0.2876,0.1057,0.0065,0.0804,0.4948,True,0.1876,True,0.0,1.4409e-07,,0.1573,0.0,model_slope_sd_zero,model_slope_sd_zero,True,True,False,
4,92620004,M2_FULL_UNCORR,y ~ X + context_len + is_self + (1 | item_id) + (1 + is_self || model_id),24,100,0.6,0.1,0.02,0.03,0.03,0.3,2400,0.5892817586748906,0.4115944588233399,False,0.05717444673347194,0.9784199143744112,,True,True,boundary (singular) fit: see help('isSingular'),boundary (singular) fit: see help('isSingular'),0.2876,0.1057,0.0065,0.0804,0.4948,True,0.1876,True,0.0,,,0.1573,0.0,model_intercept_sd_zero,model_intercept_sd_zero,,True,False,
4,92620004,M3_NO_SLOPE,y ~ X + context_len + is_self + (1 | item_id) + (1 | model_id),24,100,0.6,0.1,0.02,0.03,0.03,0.3,2400,0.5892817586748906,0.4115944588233399,False,0.05717444673347194,0.9784199143744112,,True,True,boundary (singular) fit: see help('isSingular'),boundary (singular) fit: see help('isSingular'),0.2876,0.1057,0.0065,0.0804,0.4948,True,0.1876,True,0.0,,,0.1573,0.0,model_intercept_sd_zero,model_intercept_sd_zero,,True,False,
4,92620004,M4_ITEM_ONLY,y ~ X + context_len + is_self + (1 | item_id),24,100,0.6,0.1,0.02,0.03,0.03,0.3,2400,0.5892817586748906,0.4115944588233399,False,0.05717444673347194,0.9784199143744112,,True,False,[],,0.2876,0.1059,0.0066,0.0799,0.4952,True,0.1876,True,,,,0.1573,,non_singular,non_singular,,,False,
4,92620004,M5_MODEL_SLOPE_ONLY,y ~ X + context_len + is_self + (1 + is_self | model_id),24,100,0.6,0.1,0.02,0.03,0.03,0.3,2400,0.5892817586748906,0.4115944588233399,False,0.05717444673347194,0.9784199143744112,,True,True,boundary (singular) fit: see help('isSingular'),boundary (singular) fit: see help('isSingular'),0.2877,0.1054,0.0064,0.081,0.4943,True,0.1877,True,0.0,1.0093e-08,,,0.0,model_slope_sd_zero,model_slope_sd_zero,True,True,,
5,92620005,M1_FULL_CORR,y ~ X + context_len + is_self + (1 | item_id) + (1 + is_self | model_id),24,100,0.6,0.1,0.02,0.03,0.03,0.3,2400,0.5935906127912054,0.3890150798091908,False,0.08933308722672981,0.8859440434786992,,True,True,boundary (singular) fit: see help('isSingular'),boundary (singular) fit: see help('isSingular'),0.1284,0.1068,0.2296,-0.081,0.3378,False,0.0284,True,6.2161e-06,0.0,-1.0,0.2311,0.0,model_slope_sd_zero,model_slope_sd_zero,True,True,False,True
5,92620005,M2_FULL_UNCORR,y ~ X + context_len + is_self + (1 | item_id) + (1 + is_self || model_id),24,100,0.6,0.1,0.02,0.03,0.03,0.3,2400,0.5935906127912054,0.3890150798091908,False,0.08933308722672981,0.8859440434786992,,True,True,boundary (singular) fit: see help('isSingular'),boundary (singular) fit: see help('isSingular'),0.1284,0.1068,0.2296,-0.081,0.3378,False,0.0284,True,0.0,,,0.2311,0.0,model_intercept_sd_zero,model_intercept_sd_zero,,True,False,
5,92620005,M3_NO_SLOPE,y ~ X + context_len + is_self + (1 | item_id) + (1 | model_id),24,100,0.6,0.1,0.02,0.03,0.03,0.3,2400,0.5935906127912054,0.3890150798091908,False,0.08933308722672981,0.8859440434786992,,True,True,boundary (singular) fit: see help('isSingular'),boundary (singular) fit: see help('isSingular'),0.1284,0.1068,0.2296,-0.081,0.3378,False,0.0284,True,0.0,,,0.2311,0.0,model_intercept_sd_zero,model_intercept_sd_zero,,True,False,
5,92620005,M4_ITEM_ONLY,y ~ X + context_len + is_self + (1 | item_id),24,100,0.6,0.1,0.02,0.03,0.03,0.3,2400,0.5935906127912054,0.3890150798091908,False,0.08933308722672981,0.8859440434786992,,True,False,[],,0.1284,0.1073,0.2314,-0.0818,0.3386,False,0.0284,True,,,,0.2311,,non_singular,non_singular,,,False,
5,92620005,M5_MODEL_SLOPE_ONLY,y ~ X + context_len + is_self + (1 + is_self | model_id),24,100,0.6,0.1,0.02,0.03,0.03,0.3,2400,0.5935906127912054,0.3890150798091908,False,0.08933308722672981,0.8859440434786992,,True,True,boundary (singular) fit: see help('isSingular'),boundary (singular) fit: see help('isSingular'),0.1282,0.1061,0.227,-0.0798,0.3361,False,0.0282,True,3.9592e-07,6.3041e-07,-1.0,,2.5244e-29,model_slope_sd_zero,model_slope_sd_zero,True,True,,True
6,92620006,M1_FULL_CORR,y ~ X + context_len + is_self + (1 | item_id) + (1 + is_self | model_id),24,100,0.6,0.1,0.02,0.03,0.03,0.3,2400,0.5695237037990201,0.4009300877279818,False,0.0655406725099026,0.9207452572180137,,True,True,boundary (singular) fit: see help('isSingular'),boundary (singular) fit: see help('isSingular'),0.0087,0.1072,0.9353,-0.2013,0.2187,False,-0.0913,True,0.1124,0.1077,1.0,0.0,0.0,model_corr_boundary,model_corr_boundary,False,False,True,True
6,92620006,M2_FULL_UNCORR,y ~ X + context_len + is_self + (1 | item_id) + (1 + is_self || model_id),24,100,0.6,0.1,0.02,0.03,0.03,0.3,2400,0.5695237037990201,0.4009300877279818,False,0.0655406725099026,0.9207452572180137,,True,True,boundary (singular) fit: see help('isSingular'),boundary (singular) fit: see help('isSingular'),0.0018,0.1055,0.9867,-0.205,0.2085,False,-0.0982,True,0.1663,,,0.0,0.0277,item_intercept_sd_zero,item_intercept_sd_zero,,False,True,
6,92620006,M3_NO_SLOPE,y ~ X + context_len + is_self + (1 | item_id) + (1 | model_id),24,100,0.6,0.1,0.02,0.03,0.03,0.3,2400,0.5695237037990201,0.4009300877279818,False,0.0655406725099026,0.9207452572180137,,True,True,boundary (singular) fit: see help('isSingular'),boundary (singular) fit: see help('isSingular'),0.0012,0.1049,0.9909,-0.2044,0.2067,False,-0.0988,True,0.1715,,,0.0,0.0294,item_intercept_sd_zero,item_intercept_sd_zero,,False,True,
6,92620006,M4_ITEM_ONLY,y ~ X + context_len + is_self + (1 | item_id),24,100,0.6,0.1,0.02,0.03,0.03,0.3,2400,0.5695237037990201,0.4009300877279818,False,0.0655406725099026,0.9207452572180137,,True,True,boundary (singular) fit: see help('isSingular'),boundary (singular) fit: see help('isSingular'),-0.0048,0.1043,0.9633,-0.2093,0.1997,False,-0.1048,True,,,,0.0,,item_intercept_sd_zero,item_intercept_sd_zero,,,True,
6,92620006,M5_MODEL_SLOPE_ONLY,y ~ X + context_len + is_self + (1 + is_self | model_id),24,100,0.6,0.1,0.02,0.03,0.03,0.3,2400,0.5695237037990201,0.4009300877279818,False,0.0655406725099026,0.9207452572180137,,True,True,boundary (singular) fit: see help('isSingular'),boundary (singular) fit: see help('isSingular'),0.0067,0.1129,0.9525,-0.2146,0.228,False,-0.0933,True,0.0,0.2036,,,0.0,model_intercept_sd_zero,model_intercept_sd_zero,False,True,,
7,92620007,M1_FULL_CORR,y ~ X + context_len + is_self + (1 | item_id) + (1 + is_self | model_id),24,100,0.6,0.1,0.02,0.03,0.03,0.3,2400,0.5959608911297616,0.3204602033962774,False,0.07060909421550028,0.9112539316877832,,True,True,boundary (singular) fit: see help('isSingular'),boundary (singular) fit: see help('isSingular'),0.0689,0.1061,0.516,-0.139,0.2768,False,-0.0311,True,0.0,1.9244e-07,,1.988e-07,0.0,model_slope_sd_zero,model_slope_sd_zero,True,True,True,
7,92620007,M2_FULL_UNCORR,y ~ X + context_len + is_self + (1 | item_id) + (1 + is_self || model_id),24,100,0.6,0.1,0.02,0.03,0.03,0.3,2400,0.5959608911297616,0.3204602033962774,False,0.07060909421550028,0.9112539316877832,,True,True,boundary (singular) fit: see help('isSingular'),boundary (singular) fit: see help('isSingular'),0.0689,0.1061,0.516,-0.139,0.2768,False,-0.0311,True,0.0,,,0.0,0.0,model_intercept_sd_zero,model_intercept_sd_zero,,True,True,
7,92620007,M3_NO_SLOPE,y ~ X + context_len + is_self + (1 | item_id) + (1 | model_id),24,100,0.6,0.1,0.02,0.03,0.03,0.3,2400,0.5959608911297616,0.3204602033962774,False,0.07060909421550028,0.9112539316877832,,True,True,boundary (singular) fit: see help('isSingular'),boundary (singular) fit: see help('isSingular'),0.0689,0.1061,0.516,-0.139,0.2768,False,-0.0311,True,0.0,,,0.0,0.0,model_intercept_sd_zero,model_intercept_sd_zero,,True,True,
7,92620007,M4_ITEM_ONLY,y ~ X + context_len + is_self + (1 | item_id),24,100,0.6,0.1,0.02,0.03,0.03,0.3,2400,0.5959608911297616,0.3204602033962774,False,0.07060909421550028,0.9112539316877832,,True,True,boundary (singular) fit: see help('isSingular'),boundary (singular) fit: see help('isSingular'),0.0689,0.1061,0.516,-0.139,0.2768,False,-0.0311,True,,,,0.0,,item_intercept_sd_zero,item_intercept_sd_zero,,,True,
7,92620007,M5_MODEL_SLOPE_ONLY,y ~ X + context_len + is_self + (1 + is_self | model_id),24,100,0.6,0.1,0.02,0.03,0.03,0.3,2400,0.5959608911297616,0.3204602033962774,False,0.07060909421550028,0.9112539316877832,,True,True,boundary (singular) fit: see help('isSingular'),boundary (singular) fit: see help('isSingular'),0.0689,0.1061,0.516,-0.139,0.2768,False,-0.0311,True,3.1309e-07,6.1214e-07,-1.0,,1.2622e-29,model_slope_sd_zero,model_slope_sd_zero,True,True,,True
8,92620008,M1_FULL_CORR,y ~ X + context_len + is_self + (1 | item_id) + (1 + is_self | model_id),24,100,0.6,0.1,0.02,0.03,0.03,0.3,2400,0.6048805406085065,-0.04269267860068865,False,0.04121400810832793,0.8860991304505135,,True,True,boundary (singular) fit: see help('isSingular'),boundary (singular) fit: see help('isSingular'),0.1453,0.1081,0.179,-0.0666,0.3573,False,0.0453,True,0.0,0.0799,,0.0,0.0,model_intercept_sd_zero,model_intercept_sd_zero,False,True,True,
8,92620008,M2_FULL_UNCORR,y ~ X + context_len + is_self + (1 | item_id) + (1 + is_self || model_id),24,100,0.6,0.1,0.02,0.03,0.03,0.3,2400,0.6048805406085065,-0.04269267860068865,False,0.04121400810832793,0.8860991304505135,,True,True,boundary (singular) fit: see help('isSingular'),boundary (singular) fit: see help('isSingular'),0.1453,0.1081,0.179,-0.0666,0.3573,False,0.0453,True,5.7955e-09,,,0.0,3.3588e-17,model_intercept_sd_zero,model_intercept_sd_zero,,True,True,
8,92620008,M3_NO_SLOPE,y ~ X + context_len + is_self + (1 | item_id) + (1 | model_id),24,100,0.6,0.1,0.02,0.03,0.03,0.3,2400,0.6048805406085065,-0.04269267860068865,False,0.04121400810832793,0.8860991304505135,,True,True,boundary (singular) fit: see help('isSingular'),boundary (singular) fit: see help('isSingular'),0.1422,0.1068,0.1829,-0.0671,0.3515,False,0.0422,True,0.0,,,0.0,1.7376e-10,model_intercept_sd_zero,model_intercept_sd_zero,,True,True,
8,92620008,M4_ITEM_ONLY,y ~ X + context_len + is_self + (1 | item_id),24,100,0.6,0.1,0.02,0.03,0.03,0.3,2400,0.6048805406085065,-0.04269267860068865,False,0.04121400810832793,0.8860991304505135,,True,True,boundary (singular) fit: see help('isSingular'),boundary (singular) fit: see help('isSingular'),0.1422,0.1068,0.1829,-0.0671,0.3515,False,0.0422,True,,,,0.0,,item_intercept_sd_zero,item_intercept_sd_zero,,,True,
8,92620008,M5_MODEL_SLOPE_ONLY,y ~ X + context_len + is_self + (1 + is_self | model_id),24,100,0.6,0.1,0.02,0.03,0.03,0.3,2400,0.6048805406085065,-0.04269267860068865,False,0.04121400810832793,0.8860991304505135,,True,True,boundary (singular) fit: see help('isSingular'),boundary (singular) fit: see help('isSingular'),0.1449,0.1078,0.1787,-0.0663,0.3561,False,0.0449,True,0.0162,0.0688,1.0,,5.421e-20,model_corr_boundary,model_corr_boundary,False,False,,True
9,92620009,M1_FULL_CORR,y ~ X + context_len + is_self + (1 | item_id) + (1 + is_self | model_id),24,100,0.6,0.1,0.02,0.03,0.03,0.3,2400,0.6153195061688572,0.38368957292221956,False,0.11750590543698056,0.9595692933838458,,True,True,boundary (singular) fit: see help('isSingular'),boundary (singular) fit: see help('isSingular'),0.0507,0.1151,0.6594,-0.1748,0.2763,False,-0.0493,True,0.0,0.1744,,0.2359,0.0,model_intercept_sd_zero,model_intercept_sd_zero,False,True,False,
9,92620009,M2_FULL_UNCORR,y ~ X + context_len + is_self + (1 | item_id) + (1 + is_self || model_id),24,100,0.6,0.1,0.02,0.03,0.03,0.3,2400,0.6153195061688572,0.38368957292221956,False,0.11750590543698056,0.9595692933838458,,True,True,boundary (singular) fit: see help('isSingular'),boundary (singular) fit: see help('isSingular'),0.0507,0.1151,0.6594,-0.1748,0.2763,False,-0.0493,True,0.0,,,0.2359,0.0,model_intercept_sd_zero,model_intercept_sd_zero,,True,False,
9,92620009,M3_NO_SLOPE,y ~ X + context_len + is_self + (1 | item_id) + (1 | model_id),24,100,0.6,0.1,0.02,0.03,0.03,0.3,2400,0.6153195061688572,0.38368957292221956,False,0.11750590543698056,0.9595692933838458,,True,False,[],,0.0454,0.1087,0.6763,-0.1676,0.2584,False,-0.0546,True,0.0921,,,0.2342,0.0085,non_singular,non_singular,,False,False,
9,92620009,M4_ITEM_ONLY,y ~ X + context_len + is_self + (1 | item_id),24,100,0.6,0.1,0.02,0.03,0.03,0.3,2400,0.6153195061688572,0.38368957292221956,False,0.11750590543698056,0.9595692933838458,,True,False,[],,0.0462,0.1084,0.6699,-0.1662,0.2586,False,-0.0538,True,,,,0.2329,,non_singular,non_singular,,,False,
9,92620009,M5_MODEL_SLOPE_ONLY,y ~ X + context_len + is_self + (1 + is_self | model_id),24,100,0.6,0.1,0.02,0.03,0.03,0.3,2400,0.6153195061688572,0.38368957292221956,False,0.11750590543698056,0.9595692933838458,,True,True,boundary (singular) fit: see help('isSingular'),boundary (singular) fit: see help('isSingular'),0.0478,0.1163,0.6809,-0.1801,0.2758,False,-0.0522,True,0.0325,0.1987,-1.0,,0.0,model_corr_boundary,model_corr_boundary,False,False,,True
10,92620010,M1_FULL_CORR,y ~ X + context_len + is_self + (1 | item_id) + (1 + is_self | model_id),24,100,0.6,0.1,0.02,0.03,0.03,0.3,2400,0.6025196559581695,0.28854338372891275,False,0.07244671253486906,0.9414759373120501,,True,True,boundary (singular) fit: see help('isSingular'),boundary (singular) fit: see help('isSingular'),0.0239,0.1136,0.8334,-0.1988,0.2467,False,-0.0761,True,0.0158,0.1742,1.0,1.5388e-07,1.0196e-12,model_corr_boundary,model_corr_boundary,False,False,True,True
10,92620010,M2_FULL_UNCORR,y ~ X + context_len + is_self + (1 | item_id) + (1 + is_self || model_id),24,100,0.6,0.1,0.02,0.03,0.03,0.3,2400,0.6025196559581695,0.28854338372891275,False,0.07244671253486906,0.9414759373120501,,True,True,boundary (singular) fit: see help('isSingular'),boundary (singular) fit: see help('isSingular'),0.0225,0.1148,0.8449,-0.2026,0.2475,False,-0.0775,True,0.0,,,0.0,0.0,model_intercept_sd_zero,model_intercept_sd_zero,,True,True,
10,92620010,M3_NO_SLOPE,y ~ X + context_len + is_self + (1 | item_id) + (1 | model_id),24,100,0.6,0.1,0.02,0.03,0.03,0.3,2400,0.6025196559581695,0.28854338372891275,False,0.07244671253486906,0.9414759373120501,,True,True,boundary (singular) fit: see help('isSingular'),boundary (singular) fit: see help('isSingular'),0.0344,0.1068,0.7473,-0.1749,0.2437,False,-0.0656,True,0.0539,,,0.0,0.0029,item_intercept_sd_zero,item_intercept_sd_zero,,False,True,
10,92620010,M4_ITEM_ONLY,y ~ X + context_len + is_self + (1 | item_id),24,100,0.6,0.1,0.02,0.03,0.03,0.3,2400,0.6025196559581695,0.28854338372891275,False,0.07244671253486906,0.9414759373120501,,True,True,boundary (singular) fit: see help('isSingular'),boundary (singular) fit: see help('isSingular'),0.035,0.1067,0.743,-0.1741,0.2441,False,-0.065,True,,,,0.0,,item_intercept_sd_zero,item_intercept_sd_zero,,,True,
10,92620010,M5_MODEL_SLOPE_ONLY,y ~ X + context_len + is_self + (1 + is_self | model_id),24,100,0.6,0.1,0.02,0.03,0.03,0.3,2400,0.6025196559581695,0.28854338372891275,False,0.07244671253486906,0.9414759373120501,,True,True,boundary (singular) fit: see help('isSingular'),boundary (singular) fit: see help('isSingular'),0.0239,0.1136,0.8334,-0.1988,0.2467,False,-0.0761,True,0.0158,0.1742,1.0,,2.2492e-12,model_corr_boundary,model_corr_boundary,False,False,,True
11,92620011,M1_FULL_CORR,y ~ X + context_len + is_self + (1 | item_id) + (1 + is_self | model_id),24,100,0.6,0.1,0.02,0.03,0.03,0.3,2400,0.6065008564043578,0.388694397299562,True,0.030013132674568198,0.9504053412643337,,True,True,boundary (singular) fit: see help('isSingular'),boundary (singular) fit: see help('isSingular'),0.2874,0.1075,0.0075,0.0767,0.498,True,0.1874,True,0.0,0.08,,0.0,0.0,model_intercept_sd_zero,model_intercept_sd_zero,False,True,True,
11,92620011,M2_FULL_UNCORR,y ~ X + context_len + is_self + (1 | item_id) + (1 + is_self || model_id),24,100,0.6,0.1,0.02,0.03,0.03,0.3,2400,0.6065008564043578,0.388694397299562,True,0.030013132674568198,0.9504053412643337,,True,True,boundary (singular) fit: see help('isSingular'),boundary (singular) fit: see help('isSingular'),0.2874,0.1075,0.0075,0.0767,0.498,True,0.1874,True,0.0,,,0.0,0.0,model_intercept_sd_zero,model_intercept_sd_zero,,True,True,
11,92620011,M3_NO_SLOPE,y ~ X + context_len + is_self + (1 | item_id) + (1 | model_id),24,100,0.6,0.1,0.02,0.03,0.03,0.3,2400,0.6065008564043578,0.388694397299562,True,0.030013132674568198,0.9504053412643337,,True,True,boundary (singular) fit: see help('isSingular'),boundary (singular) fit: see help('isSingular'),0.2895,0.1058,0.0062,0.0821,0.4968,True,0.1895,True,0.0,,,0.0,0.0,model_intercept_sd_zero,model_intercept_sd_zero,,True,True,
11,92620011,M4_ITEM_ONLY,y ~ X + context_len + is_self + (1 | item_id),24,100,0.6,0.1,0.02,0.03,0.03,0.3,2400,0.6065008564043578,0.388694397299562,True,0.030013132674568198,0.9504053412643337,,True,True,boundary (singular) fit: see help('isSingular'),boundary (singular) fit: see help('isSingular'),0.2895,0.1058,0.0062,0.0821,0.4968,True,0.1895,True,,,,0.0,,item_intercept_sd_zero,item_intercept_sd_zero,,,True,
11,92620011,M5_MODEL_SLOPE_ONLY,y ~ X + context_len + is_self + (1 + is_self | model_id),24,100,0.6,0.1,0.02,0.03,0.03,0.3,2400,0.6065008564043578,0.388694397299562,True,0.030013132674568198,0.9504053412643337,,True,True,boundary (singular) fit: see help('isSingular'),boundary (singular) fit: see help('isSingular'),0.2874,0.1075,0.0075,0.0767,0.498,True,0.1874,True,0.0,0.08,,,0.0,model_intercept_sd_zero,model_intercept_sd_zero,False,True,,
12,92620012,M1_FULL_CORR,y ~ X + context_len + is_self + (1 | item_id) + (1 + is_self | model_id),24,100,0.6,0.1,0.02,0.03,0.03,0.3,2400,0.5972141147669037,0.19943838432690938,False,0.08125700031538659,0.92982452521909,,True,True,boundary (singular) fit: see help('isSingular'),boundary (singular) fit: see help('isSingular'),-0.0206,0.1054,0.8454,-0.2272,0.1861,False,-0.1206,True,0.0,0.0593,,0.139,0.0,model_intercept_sd_zero,model_intercept_sd_zero,False,True,False,
12,92620012,M2_FULL_UNCORR,y ~ X + context_len + is_self + (1 | item_id) + (1 + is_self || model_id),24,100,0.6,0.1,0.02,0.03,0.03,0.3,2400,0.5972141147669037,0.19943838432690938,False,0.08125700031538659,0.92982452521909,,True,True,boundary (singular) fit: see help('isSingular'),boundary (singular) fit: see help('isSingular'),-0.0206,0.1054,0.8454,-0.2272,0.1861,False,-0.1206,True,0.0,,,0.139,0.0,model_intercept_sd_zero,model_intercept_sd_zero,,True,False,
12,92620012,M3_NO_SLOPE,y ~ X + context_len + is_self + (1 | item_id) + (1 | model_id),24,100,0.6,0.1,0.02,0.03,0.03,0.3,2400,0.5972141147669037,0.19943838432690938,False,0.08125700031538659,0.92982452521909,,True,True,boundary (singular) fit: see help('isSingular'),boundary (singular) fit: see help('isSingular'),-0.022,0.1046,0.8337,-0.2269,0.183,False,-0.122,True,0.0,,,0.1385,0.0,model_intercept_sd_zero,model_intercept_sd_zero,,True,False,
12,92620012,M4_ITEM_ONLY,y ~ X + context_len + is_self + (1 | item_id),24,100,0.6,0.1,0.02,0.03,0.03,0.3,2400,0.5972141147669037,0.19943838432690938,False,0.08125700031538659,0.92982452521909,,True,False,[],,-0.022,0.1048,0.834,-0.2274,0.1834,False,-0.122,True,,,,0.1385,,non_singular,non_singular,,,False,
12,92620012,M5_MODEL_SLOPE_ONLY,y ~ X + context_len + is_self + (1 + is_self | model_id),24,100,0.6,0.1,0.02,0.03,0.03,0.3,2400,0.5972141147669037,0.19943838432690938,False,0.08125700031538659,0.92982452521909,,True,True,boundary (singular) fit: see help('isSingular'),boundary (singular) fit: see help('isSingular'),-0.0222,0.1051,0.8323,-0.2281,0.1837,False,-0.1222,True,0.0034,0.0524,1.0,,0.0,model_corr_boundary,model_corr_boundary,False,False,,True
13,92620013,M1_FULL_CORR,y ~ X + context_len + is_self + (1 | item_id) + (1 + is_self | model_id),24,100,0.6,0.1,0.02,0.03,0.03,0.3,2400,0.5862732795691693,0.26769236717393075,False,0.1021029630335005,0.909733670847419,,True,True,boundary (singular) fit: see help('isSingular'),boundary (singular) fit: see help('isSingular'),-0.0075,0.1048,0.9426,-0.213,0.1979,False,-0.1075,True,0.0,4.0973e-07,,0.0,0.0,model_slope_sd_zero,model_slope_sd_zero,True,True,True,
13,92620013,M2_FULL_UNCORR,y ~ X + context_len + is_self + (1 | item_id) + (1 + is_self || model_id),24,100,0.6,0.1,0.02,0.03,0.03,0.3,2400,0.5862732795691693,0.26769236717393075,False,0.1021029630335005,0.909733670847419,,True,True,boundary (singular) fit: see help('isSingular'),boundary (singular) fit: see help('isSingular'),-0.0075,0.1048,0.9426,-0.213,0.1979,False,-0.1075,True,0.0,,,0.0,0.0,model_intercept_sd_zero,model_intercept_sd_zero,,True,True,
13,92620013,M3_NO_SLOPE,y ~ X + context_len + is_self + (1 | item_id) + (1 | model_id),24,100,0.6,0.1,0.02,0.03,0.03,0.3,2400,0.5862732795691693,0.26769236717393075,False,0.1021029630335005,0.909733670847419,,True,True,boundary (singular) fit: see help('isSingular'),boundary (singular) fit: see help('isSingular'),-0.0075,0.1048,0.9426,-0.213,0.1979,False,-0.1075,True,0.0,,,2e-07,0.0,model_intercept_sd_zero,model_intercept_sd_zero,,True,True,
13,92620013,M4_ITEM_ONLY,y ~ X + context_len + is_self + (1 | item_id),24,100,0.6,0.1,0.02,0.03,0.03,0.3,2400,0.5862732795691693,0.26769236717393075,False,0.1021029630335005,0.909733670847419,,True,True,boundary (singular) fit: see help('isSingular'),boundary (singular) fit: see help('isSingular'),-0.0075,0.1048,0.9426,-0.213,0.1979,False,-0.1075,True,,,,0.0,,item_intercept_sd_zero,item_intercept_sd_zero,,,True,
13,92620013,M5_MODEL_SLOPE_ONLY,y ~ X + context_len + is_self + (1 + is_self | model_id),24,100,0.6,0.1,0.02,0.03,0.03,0.3,2400,0.5862732795691693,0.26769236717393075,False,0.1021029630335005,0.909733670847419,,True,True,boundary (singular) fit: see help('isSingular'),boundary (singular) fit: see help('isSingular'),-0.0075,0.1048,0.9426,-0.213,0.1979,False,-0.1075,True,1.1872e-06,2.4116e-06,-1.0,,-2.0195e-28,model_slope_sd_zero,model_slope_sd_zero,True,True,,True
14,92620014,M1_FULL_CORR,y ~ X + context_len + is_self + (1 | item_id) + (1 + is_self | model_id),24,100,0.6,0.1,0.02,0.03,0.03,0.3,2400,0.5961423091646243,0.12553367220286346,False,0.09680177774751036,0.9374484620447033,,True,True,boundary (singular) fit: see help('isSingular'),boundary (singular) fit: see help('isSingular'),0.1896,0.1054,0.072,-0.0169,0.3961,False,0.0896,True,2.8453e-07,8.2626e-07,-1.0,0.0002,0.0,model_slope_sd_zero,model_slope_sd_zero,True,True,False,True
14,92620014,M2_FULL_UNCORR,y ~ X + context_len + is_self + (1 | item_id) + (1 + is_self || model_id),24,100,0.6,0.1,0.02,0.03,0.03,0.3,2400,0.5961423091646243,0.12553367220286346,False,0.09680177774751036,0.9374484620447033,,True,True,boundary (singular) fit: see help('isSingular'),boundary (singular) fit: see help('isSingular'),0.1896,0.1054,0.072,-0.0169,0.3961,False,0.0896,True,0.0,,,0.0001,0.0,model_intercept_sd_zero,model_intercept_sd_zero,,True,False,
14,92620014,M3_NO_SLOPE,y ~ X + context_len + is_self + (1 | item_id) + (1 | model_id),24,100,0.6,0.1,0.02,0.03,0.03,0.3,2400,0.5961423091646243,0.12553367220286346,False,0.09680177774751036,0.9374484620447033,,True,True,boundary (singular) fit: see help('isSingular'),boundary (singular) fit: see help('isSingular'),0.1896,0.1054,0.072,-0.0169,0.3961,False,0.0896,True,0.0,,,0.0,0.0,model_intercept_sd_zero,model_intercept_sd_zero,,True,True,
14,92620014,M4_ITEM_ONLY,y ~ X + context_len + is_self + (1 | item_id),24,100,0.6,0.1,0.02,0.03,0.03,0.3,2400,0.5961423091646243,0.12553367220286346,False,0.09680177774751036,0.9374484620447033,,True,True,boundary (singular) fit: see help('isSingular'),boundary (singular) fit: see help('isSingular'),0.1896,0.1054,0.072,-0.0169,0.3961,False,0.0896,True,,,,5e-07,,item_intercept_sd_zero,item_intercept_sd_zero,,,True,
14,92620014,M5_MODEL_SLOPE_ONLY,y ~ X + context_len + is_self + (1 + is_self | model_id),24,100,0.6,0.1,0.02,0.03,0.03,0.3,2400,0.5961423091646243,0.12553367220286346,False,0.09680177774751036,0.9374484620447033,,True,True,boundary (singular) fit: see help('isSingular'),boundary (singular) fit: see help('isSingular'),0.1896,0.1054,0.072,-0.0169,0.3961,False,0.0896,True,0.0,9.8155e-09,,,0.0,model_slope_sd_zero,model_slope_sd_zero,True,True,,
15,92620015,M1_FULL_CORR,y ~ X + context_len + is_self + (1 | item_id) + (1 + is_self | model_id),24,100,0.6,0.1,0.02,0.03,0.03,0.3,2400,0.6189400743512103,0.3961305640257353,False,0.06379386026594103,0.9511664539239506,,True,True,boundary (singular) fit: see help('isSingular'),boundary (singular) fit: see help('isSingular'),0.1248,0.1146,0.2759,-0.0997,0.3494,False,0.0248,True,0.0,0.1671,,6.7983e-07,0.0,model_intercept_sd_zero,model_intercept_sd_zero,False,True,True,
15,92620015,M2_FULL_UNCORR,y ~ X + context_len + is_self + (1 | item_id) + (1 + is_self || model_id),24,100,0.6,0.1,0.02,0.03,0.03,0.3,2400,0.6189400743512103,0.3961305640257353,False,0.06379386026594103,0.9511664539239506,,True,True,boundary (singular) fit: see help('isSingular'),boundary (singular) fit: see help('isSingular'),0.1248,0.1146,0.2759,-0.0997,0.3494,False,0.0248,True,0.0,,,0.0,0.0,model_intercept_sd_zero,model_intercept_sd_zero,,True,True,
15,92620015,M3_NO_SLOPE,y ~ X + context_len + is_self + (1 | item_id) + (1 | model_id),24,100,0.6,0.1,0.02,0.03,0.03,0.3,2400,0.6189400743512103,0.3961305640257353,False,0.06379386026594103,0.9511664539239506,,True,True,boundary (singular) fit: see help('isSingular'),boundary (singular) fit: see help('isSingular'),0.1355,0.1086,0.2123,-0.0774,0.3483,False,0.0355,True,0.1026,,,0.0,0.0105,item_intercept_sd_zero,item_intercept_sd_zero,,False,True,
15,92620015,M4_ITEM_ONLY,y ~ X + context_len + is_self + (1 | item_id),24,100,0.6,0.1,0.02,0.03,0.03,0.3,2400,0.6189400743512103,0.3961305640257353,False,0.06379386026594103,0.9511664539239506,,True,True,boundary (singular) fit: see help('isSingular'),boundary (singular) fit: see help('isSingular'),0.1375,0.1082,0.2039,-0.0746,0.3496,False,0.0375,True,,,,2e-07,,item_intercept_sd_zero,item_intercept_sd_zero,,,True,
15,92620015,M5_MODEL_SLOPE_ONLY,y ~ X + context_len + is_self + (1 + is_self | model_id),24,100,0.6,0.1,0.02,0.03,0.03,0.3,2400,0.6189400743512103,0.3961305640257353,False,0.06379386026594103,0.9511664539239506,,True,True,boundary (singular) fit: see help('isSingular'),boundary (singular) fit: see help('isSingular'),0.1248,0.1146,0.2759,-0.0997,0.3494,False,0.0248,True,0.0,0.1671,,,0.0,model_intercept_sd_zero,model_intercept_sd_zero,False,True,,
16,92620016,M1_FULL_CORR,y ~ X + context_len + is_self + (1 | item_id) + (1 + is_self | model_id),24,100,0.6,0.1,0.02,0.03,0.03,0.3,2400,0.6002422144687327,0.17762438465410407,False,0.06972758117140322,0.9593851821212229,,True,True,boundary (singular) fit: see help('isSingular'),boundary (singular) fit: see help('isSingular'),0.0395,0.1058,0.709,-0.168,0.247,False,-0.0605,True,0.0436,0.0221,-1.0,0.1759,1.0357e-14,model_corr_boundary,model_corr_boundary,False,False,False,True
16,92620016,M2_FULL_UNCORR,y ~ X + context_len + is_self + (1 | item_id) + (1 + is_self || model_id),24,100,0.6,0.1,0.02,0.03,0.03,0.3,2400,0.6002422144687327,0.17762438465410407,False,0.06972758117140322,0.9593851821212229,,True,True,boundary (singular) fit: see help('isSingular'),boundary (singular) fit: see help('isSingular'),0.0392,0.1057,0.7107,-0.168,0.2464,False,-0.0608,True,0.0,,,0.1757,0.0,model_intercept_sd_zero,model_intercept_sd_zero,,True,False,
16,92620016,M3_NO_SLOPE,y ~ X + context_len + is_self + (1 | item_id) + (1 | model_id),24,100,0.6,0.1,0.02,0.03,0.03,0.3,2400,0.6002422144687327,0.17762438465410407,False,0.06972758117140322,0.9593851821212229,,True,True,boundary (singular) fit: see help('isSingular'),boundary (singular) fit: see help('isSingular'),0.0392,0.1057,0.7107,-0.168,0.2464,False,-0.0608,True,0.0,,,0.1757,0.0,model_intercept_sd_zero,model_intercept_sd_zero,,True,False,
16,92620016,M4_ITEM_ONLY,y ~ X + context_len + is_self + (1 | item_id),24,100,0.6,0.1,0.02,0.03,0.03,0.3,2400,0.6002422144687327,0.17762438465410407,False,0.06972758117140322,0.9593851821212229,,True,False,[],,0.0392,0.106,0.7115,-0.1685,0.2469,False,-0.0608,True,,,,0.1757,,non_singular,non_singular,,,False,
16,92620016,M5_MODEL_SLOPE_ONLY,y ~ X + context_len + is_self + (1 + is_self | model_id),24,100,0.6,0.1,0.02,0.03,0.03,0.3,2400,0.6002422144687327,0.17762438465410407,False,0.06972758117140322,0.9593851821212229,,True,True,boundary (singular) fit: see help('isSingular'),boundary (singular) fit: see help('isSingular'),0.0369,0.1053,0.7256,-0.1694,0.2433,False,-0.0631,True,0.0,1.4233e-07,,,0.0,model_slope_sd_zero,model_slope_sd_zero,True,True,,
17,92620017,M1_FULL_CORR,y ~ X + context_len + is_self + (1 | item_id) + (1 + is_self | model_id),24,100,0.6,0.1,0.02,0.03,0.03,0.3,2400,0.5985810621804156,0.22650274343406837,False,0.027864557409705625,0.9556050250769758,,True,True,boundary (singular) fit: see help('isSingular'),boundary (singular) fit: see help('isSingular'),0.1779,0.1067,0.0954,-0.0312,0.3871,False,0.0779,True,0.0,7.3889e-07,,0.131,0.0,model_slope_sd_zero,model_slope_sd_zero,True,True,False,
17,92620017,M2_FULL_UNCORR,y ~ X + context_len + is_self + (1 | item_id) + (1 + is_self || model_id),24,100,0.6,0.1,0.02,0.03,0.03,0.3,2400,0.5985810621804156,0.22650274343406837,False,0.027864557409705625,0.9556050250769758,,True,True,boundary (singular) fit: see help('isSingular'),boundary (singular) fit: see help('isSingular'),0.1779,0.1067,0.0954,-0.0312,0.3871,False,0.0779,True,0.0,,,0.131,0.0,model_intercept_sd_zero,model_intercept_sd_zero,,True,False,
17,92620017,M3_NO_SLOPE,y ~ X + context_len + is_self + (1 | item_id) + (1 | model_id),24,100,0.6,0.1,0.02,0.03,0.03,0.3,2400,0.5985810621804156,0.22650274343406837,False,0.027864557409705625,0.9556050250769758,,True,True,boundary (singular) fit: see help('isSingular'),boundary (singular) fit: see help('isSingular'),0.1779,0.1067,0.0954,-0.0312,0.3871,False,0.0779,True,2.5132e-09,,,0.131,6.3164e-18,model_intercept_sd_zero,model_intercept_sd_zero,,True,False,
17,92620017,M4_ITEM_ONLY,y ~ X + context_len + is_self + (1 | item_id),24,100,0.6,0.1,0.02,0.03,0.03,0.3,2400,0.5985810621804156,0.22650274343406837,False,0.027864557409705625,0.9556050250769758,,True,False,[],,0.1779,0.1069,0.096,-0.0316,0.3874,False,0.0779,True,,,,0.131,,non_singular,non_singular,,,False,
17,92620017,M5_MODEL_SLOPE_ONLY,y ~ X + context_len + is_self + (1 + is_self | model_id),24,100,0.6,0.1,0.02,0.03,0.03,0.3,2400,0.5985810621804156,0.22650274343406837,False,0.027864557409705625,0.9556050250769758,,True,True,boundary (singular) fit: see help('isSingular'),boundary (singular) fit: see help('isSingular'),0.1797,0.1065,0.0916,-0.0291,0.3884,False,0.0797,True,0.0,1.3675e-10,,,0.0,model_slope_sd_zero,model_slope_sd_zero,True,True,,
18,92620018,M1_FULL_CORR,y ~ X + context_len + is_self + (1 | item_id) + (1 + is_self | model_id),24,100,0.6,0.1,0.02,0.03,0.03,0.3,2400,0.5893721933161447,0.24091406482418457,False,0.07736250271293865,0.9120964559524929,,True,True,boundary (singular) fit: see help('isSingular'),boundary (singular) fit: see help('isSingular'),0.09,0.114,0.4297,-0.1334,0.3134,False,-0.01,True,0.0,0.2024,,0.0,0.0,model_intercept_sd_zero,model_intercept_sd_zero,False,True,True,
18,92620018,M2_FULL_UNCORR,y ~ X + context_len + is_self + (1 | item_id) + (1 + is_self || model_id),24,100,0.6,0.1,0.02,0.03,0.03,0.3,2400,0.5893721933161447,0.24091406482418457,False,0.07736250271293865,0.9120964559524929,,True,True,boundary (singular) fit: see help('isSingular'),boundary (singular) fit: see help('isSingular'),0.09,0.114,0.4297,-0.1334,0.3134,False,-0.01,True,0.0,,,2e-07,0.0,model_intercept_sd_zero,model_intercept_sd_zero,,True,True,
18,92620018,M3_NO_SLOPE,y ~ X + context_len + is_self + (1 | item_id) + (1 | model_id),24,100,0.6,0.1,0.02,0.03,0.03,0.3,2400,0.5893721933161447,0.24091406482418457,False,0.07736250271293865,0.9120964559524929,,True,True,boundary (singular) fit: see help('isSingular'),boundary (singular) fit: see help('isSingular'),0.1004,0.1052,0.3399,-0.1059,0.3067,False,0.0004,True,0.0,,,0.0,0.0,model_intercept_sd_zero,model_intercept_sd_zero,,True,True,
18,92620018,M4_ITEM_ONLY,y ~ X + context_len + is_self + (1 | item_id),24,100,0.6,0.1,0.02,0.03,0.03,0.3,2400,0.5893721933161447,0.24091406482418457,False,0.07736250271293865,0.9120964559524929,,True,True,boundary (singular) fit: see help('isSingular'),boundary (singular) fit: see help('isSingular'),0.1004,0.1052,0.3399,-0.1059,0.3067,False,0.0004,True,,,,0.0,,item_intercept_sd_zero,item_intercept_sd_zero,,,True,
18,92620018,M5_MODEL_SLOPE_ONLY,y ~ X + context_len + is_self + (1 + is_self | model_id),24,100,0.6,0.1,0.02,0.03,0.03,0.3,2400,0.5893721933161447,0.24091406482418457,False,0.07736250271293865,0.9120964559524929,,True,True,boundary (singular) fit: see help('isSingular'),boundary (singular) fit: see help('isSingular'),0.0813,0.1207,0.5006,-0.1553,0.318,False,-0.0187,True,0.067,0.2757,-1.0,,0.0,model_corr_boundary,model_corr_boundary,False,False,,True
19,92620019,M1_FULL_CORR,y ~ X + context_len + is_self + (1 | item_id) + (1 + is_self | model_id),24,100,0.6,0.1,0.02,0.03,0.03,0.3,2400,0.5934912454167354,0.44977254890932206,False,0.028586012523095002,0.8880642312227178,,True,True,boundary (singular) fit: see help('isSingular'),boundary (singular) fit: see help('isSingular'),0.0948,0.1056,0.3691,-0.1121,0.3018,False,-0.0052,True,5.7202e-07,1.3515e-06,-1.0,1.5441e-07,-5.0487e-29,model_slope_sd_zero,model_slope_sd_zero,True,True,True,True
19,92620019,M2_FULL_UNCORR,y ~ X + context_len + is_self + (1 | item_id) + (1 + is_self || model_id),24,100,0.6,0.1,0.02,0.03,0.03,0.3,2400,0.5934912454167354,0.44977254890932206,False,0.028586012523095002,0.8880642312227178,,True,True,boundary (singular) fit: see help('isSingular'),boundary (singular) fit: see help('isSingular'),0.0948,0.1056,0.3691,-0.1121,0.3018,False,-0.0052,True,0.0,,,0.0,0.0,model_intercept_sd_zero,model_intercept_sd_zero,,True,True,
19,92620019,M3_NO_SLOPE,y ~ X + context_len + is_self + (1 | item_id) + (1 | model_id),24,100,0.6,0.1,0.02,0.03,0.03,0.3,2400,0.5934912454167354,0.44977254890932206,False,0.028586012523095002,0.8880642312227178,,True,True,boundary (singular) fit: see help('isSingular'),boundary (singular) fit: see help('isSingular'),0.0948,0.1056,0.3691,-0.1121,0.3018,False,-0.0052,True,0.0,,,0.0,0.0,model_intercept_sd_zero,model_intercept_sd_zero,,True,True,
19,92620019,M4_ITEM_ONLY,y ~ X + context_len + is_self + (1 | item_id),24,100,0.6,0.1,0.02,0.03,0.03,0.3,2400,0.5934912454167354,0.44977254890932206,False,0.028586012523095002,0.8880642312227178,,True,True,boundary (singular) fit: see help('isSingular'),boundary (singular) fit: see help('isSingular'),0.0948,0.1056,0.3691,-0.1121,0.3018,False,-0.0052,True,,,,0.0,,item_intercept_sd_zero,item_intercept_sd_zero,,,True,
19,92620019,M5_MODEL_SLOPE_ONLY,y ~ X + context_len + is_self + (1 + is_self | model_id),24,100,0.6,0.1,0.02,0.03,0.03,0.3,2400,0.5934912454167354,0.44977254890932206,False,0.028586012523095002,0.8880642312227178,,True,True,boundary (singular) fit: see help('isSingular'),boundary (singular) fit: see help('isSingular'),0.0948,0.1056,0.3691,-0.1121,0.3018,False,-0.0052,True,0.0,8.949e-09,,,0.0,model_slope_sd_zero,model_slope_sd_zero,True,True,,
20,92620020,M1_FULL_CORR,y ~ X + context_len + is_self + (1 | item_id) + (1 + is_self | model_id),24,100,0.6,0.1,0.02,0.03,0.03,0.3,2400,0.5715018397355551,0.6832643255945634,False,0.11739770628112625,0.9178690532088403,,True,True,boundary (singular) fit: see help('isSingular'),boundary (singular) fit: see help('isSingular'),0.0582,0.1039,0.5754,-0.1454,0.2618,False,-0.0418,True,0.0,0.0406,,0.0,0.0,model_intercept_sd_zero,model_intercept_sd_zero,False,True,True,
20,92620020,M2_FULL_UNCORR,y ~ X + context_len + is_self + (1 | item_id) + (1 + is_self || model_id),24,100,0.6,0.1,0.02,0.03,0.03,0.3,2400,0.5715018397355551,0.6832643255945634,False,0.11739770628112625,0.9178690532088403,,True,True,boundary (singular) fit: see help('isSingular'),boundary (singular) fit: see help('isSingular'),0.0582,0.1039,0.5754,-0.1454,0.2618,False,-0.0418,True,0.0,,,0.0,0.0,model_intercept_sd_zero,model_intercept_sd_zero,,True,True,
20,92620020,M3_NO_SLOPE,y ~ X + context_len + is_self + (1 | item_id) + (1 | model_id),24,100,0.6,0.1,0.02,0.03,0.03,0.3,2400,0.5715018397355551,0.6832643255945634,False,0.11739770628112625,0.9178690532088403,,True,True,boundary (singular) fit: see help('isSingular'),boundary (singular) fit: see help('isSingular'),0.058,0.1035,0.5748,-0.1448,0.2609,False,-0.042,True,0.0,,,0.0,0.0,model_intercept_sd_zero,model_intercept_sd_zero,,True,True,
20,92620020,M4_ITEM_ONLY,y ~ X + context_len + is_self + (1 | item_id),24,100,0.6,0.1,0.02,0.03,0.03,0.3,2400,0.5715018397355551,0.6832643255945634,False,0.11739770628112625,0.9178690532088403,,True,True,boundary (singular) fit: see help('isSingular'),boundary (singular) fit: see help('isSingular'),0.058,0.1035,0.5748,-0.1448,0.2609,False,-0.042,True,,,,0.0,,item_intercept_sd_zero,item_intercept_sd_zero,,,True,
20,92620020,M5_MODEL_SLOPE_ONLY,y ~ X + context_len + is_self + (1 + is_self | model_id),24,100,0.6,0.1,0.02,0.03,0.03,0.3,2400,0.5715018397355551,0.6832643255945634,False,0.11739770628112625,0.9178690532088403,,True,False,[],,0.0582,0.1039,0.5758,-0.1456,0.2619,False,-0.0418,True,0.0018,0.0428,-1.0,,1.0621e-10,non_singular,non_singular,False,False,,True
21,92620021,M1_FULL_CORR,y ~ X + context_len + is_self + (1 | item_id) + (1 + is_self | model_id),24,100,0.6,0.1,0.02,0.03,0.03,0.3,2400,0.5879966512791966,0.4637483497971513,False,0.03255600680768501,0.9562459037251789,,True,True,boundary (singular) fit: see help('isSingular'),boundary (singular) fit: see help('isSingular'),0.1025,0.1048,0.3281,-0.1029,0.3079,False,0.0025,True,2.3833e-06,4.551e-06,-1.0,0.1798,1.6156e-27,model_slope_sd_zero,model_slope_sd_zero,True,True,False,True
21,92620021,M2_FULL_UNCORR,y ~ X + context_len + is_self + (1 | item_id) + (1 + is_self || model_id),24,100,0.6,0.1,0.02,0.03,0.03,0.3,2400,0.5879966512791966,0.4637483497971513,False,0.03255600680768501,0.9562459037251789,,True,True,boundary (singular) fit: see help('isSingular'),boundary (singular) fit: see help('isSingular'),0.1025,0.1048,0.3281,-0.1029,0.3079,False,0.0025,True,8.0709e-08,,,0.1798,6.514e-15,model_intercept_sd_zero,model_intercept_sd_zero,,True,False,
21,92620021,M3_NO_SLOPE,y ~ X + context_len + is_self + (1 | item_id) + (1 | model_id),24,100,0.6,0.1,0.02,0.03,0.03,0.3,2400,0.5879966512791966,0.4637483497971513,False,0.03255600680768501,0.9562459037251789,,True,True,boundary (singular) fit: see help('isSingular'),boundary (singular) fit: see help('isSingular'),0.1025,0.1048,0.3281,-0.1029,0.3079,False,0.0025,True,0.0,,,0.1798,0.0,model_intercept_sd_zero,model_intercept_sd_zero,,True,False,
21,92620021,M4_ITEM_ONLY,y ~ X + context_len + is_self + (1 | item_id),24,100,0.6,0.1,0.02,0.03,0.03,0.3,2400,0.5879966512791966,0.4637483497971513,False,0.03255600680768501,0.9562459037251789,,True,False,[],,0.1025,0.1051,0.3295,-0.1035,0.3085,False,0.0025,True,,,,0.1798,,non_singular,non_singular,,,False,
21,92620021,M5_MODEL_SLOPE_ONLY,y ~ X + context_len + is_self + (1 + is_self | model_id),24,100,0.6,0.1,0.02,0.03,0.03,0.3,2400,0.5879966512791966,0.4637483497971513,False,0.03255600680768501,0.9562459037251789,,True,True,boundary (singular) fit: see help('isSingular'),boundary (singular) fit: see help('isSingular'),0.1036,0.1044,0.3212,-0.1011,0.3083,False,0.0036,True,0.0,1.6723e-07,,,0.0,model_slope_sd_zero,model_slope_sd_zero,True,True,,
22,92620022,M1_FULL_CORR,y ~ X + context_len + is_self + (1 | item_id) + (1 + is_self | model_id),24,100,0.6,0.1,0.02,0.03,0.03,0.3,2400,0.6152882319524059,0.027182953172766873,False,0.09716744319577254,0.9547111150975726,,True,True,boundary (singular) fit: see help('isSingular'),boundary (singular) fit: see help('isSingular'),0.2015,0.1381,0.1446,-0.0692,0.4722,False,0.1015,True,0.2487,0.3924,-1.0,0.0861,0.0,model_corr_boundary,model_corr_boundary,False,False,False,True
22,92620022,M2_FULL_UNCORR,y ~ X + context_len + is_self + (1 | item_id) + (1 + is_self || model_id),24,100,0.6,0.1,0.02,0.03,0.03,0.3,2400,0.6152882319524059,0.027182953172766873,False,0.09716744319577254,0.9547111150975726,,True,False,[],,0.2014,0.1095,0.066,-0.0133,0.4161,False,0.1014,True,0.0569,,,0.0961,0.0032,non_singular,non_singular,,False,False,
22,92620022,M3_NO_SLOPE,y ~ X + context_len + is_self + (1 | item_id) + (1 | model_id),24,100,0.6,0.1,0.02,0.03,0.03,0.3,2400,0.6152882319524059,0.027182953172766873,False,0.09716744319577254,0.9547111150975726,,True,False,[],,0.2011,0.1081,0.0629,-0.0108,0.413,False,0.1011,True,0.0635,,,0.0965,0.004,non_singular,non_singular,,False,False,
22,92620022,M4_ITEM_ONLY,y ~ X + context_len + is_self + (1 | item_id),24,100,0.6,0.1,0.02,0.03,0.03,0.3,2400,0.6152882319524059,0.027182953172766873,False,0.09716744319577254,0.9547111150975726,,True,False,[],,0.2028,0.1079,0.0601,-0.0086,0.4142,False,0.1028,True,,,,0.0954,,non_singular,non_singular,,,False,
22,92620022,M5_MODEL_SLOPE_ONLY,y ~ X + context_len + is_self + (1 + is_self | model_id),24,100,0.6,0.1,0.02,0.03,0.03,0.3,2400,0.6152882319524059,0.027182953172766873,False,0.09716744319577254,0.9547111150975726,,True,True,boundary (singular) fit: see help('isSingular'),boundary (singular) fit: see help('isSingular'),0.2021,0.1381,0.1432,-0.0685,0.4727,False,0.1021,True,0.2485,0.3927,-1.0,,0.0,model_corr_boundary,model_corr_boundary,False,False,,True
23,92620023,M1_FULL_CORR,y ~ X + context_len + is_self + (1 | item_id) + (1 + is_self | model_id),24,100,0.6,0.1,0.02,0.03,0.03,0.3,2400,0.5928848029541817,0.42468202441249864,False,0.07536062200441834,0.9347607851640408,,True,True,boundary (singular) fit: see help('isSingular'),boundary (singular) fit: see help('isSingular'),0.0081,0.1076,0.9397,-0.2028,0.2191,False,-0.0919,True,0.016,0.099,1.0,0.0,5.7536e-12,model_corr_boundary,model_corr_boundary,False,False,True,True
23,92620023,M2_FULL_UNCORR,y ~ X + context_len + is_self + (1 | item_id) + (1 + is_self || model_id),24,100,0.6,0.1,0.02,0.03,0.03,0.3,2400,0.5928848029541817,0.42468202441249864,False,0.07536062200441834,0.9347607851640408,,True,True,boundary (singular) fit: see help('isSingular'),boundary (singular) fit: see help('isSingular'),0.0079,0.1083,0.9415,-0.2043,0.2201,False,-0.0921,True,0.0,,,0.0,0.0,model_intercept_sd_zero,model_intercept_sd_zero,,True,True,
23,92620023,M3_NO_SLOPE,y ~ X + context_len + is_self + (1 | item_id) + (1 | model_id),24,100,0.6,0.1,0.02,0.03,0.03,0.3,2400,0.5928848029541817,0.42468202441249864,False,0.07536062200441834,0.9347607851640408,,True,True,boundary (singular) fit: see help('isSingular'),boundary (singular) fit: see help('isSingular'),0.0055,0.1052,0.9582,-0.2007,0.2118,False,-0.0945,True,0.0,,,0.0,0.0,model_intercept_sd_zero,model_intercept_sd_zero,,True,True,
23,92620023,M4_ITEM_ONLY,y ~ X + context_len + is_self + (1 | item_id),24,100,0.6,0.1,0.02,0.03,0.03,0.3,2400,0.5928848029541817,0.42468202441249864,False,0.07536062200441834,0.9347607851640408,,True,True,boundary (singular) fit: see help('isSingular'),boundary (singular) fit: see help('isSingular'),0.0055,0.1052,0.9582,-0.2007,0.2118,False,-0.0945,True,,,,0.0,,item_intercept_sd_zero,item_intercept_sd_zero,,,True,
23,92620023,M5_MODEL_SLOPE_ONLY,y ~ X + context_len + is_self + (1 + is_self | model_id),24,100,0.6,0.1,0.02,0.03,0.03,0.3,2400,0.5928848029541817,0.42468202441249864,False,0.07536062200441834,0.9347607851640408,,True,True,boundary (singular) fit: see help('isSingular'),boundary (singular) fit: see help('isSingular'),0.0081,0.1076,0.9397,-0.2028,0.2191,False,-0.0919,True,0.016,0.099,1.0,,2.2202e-11,model_corr_boundary,model_corr_boundary,False,False,,True
24,92620024,M1_FULL_CORR,y ~ X + context_len + is_self + (1 | item_id) + (1 + is_self | model_id),24,100,0.6,0.1,0.02,0.03,0.03,0.3,2400,0.5999643167273178,0.49596879490859247,False,0.0793609757043931,0.9356007930228973,,True,True,boundary (singular) fit: see help('isSingular'),boundary (singular) fit: see help('isSingular'),0.1167,0.1113,0.2942,-0.1014,0.3348,False,0.0167,True,0.1325,0.1276,-1.0,0.2849,-1.7347e-18,model_corr_boundary,model_corr_boundary,False,False,False,True
24,92620024,M2_FULL_UNCORR,y ~ X + context_len + is_self + (1 | item_id) + (1 + is_self || model_id),24,100,0.6,0.1,0.02,0.03,0.03,0.3,2400,0.5999643167273178,0.49596879490859247,False,0.0793609757043931,0.9356007930228973,,True,True,boundary (singular) fit: see help('isSingular'),boundary (singular) fit: see help('isSingular'),0.1147,0.1075,0.2859,-0.096,0.3255,False,0.0147,True,0.0,,,0.2838,0.0,model_intercept_sd_zero,model_intercept_sd_zero,,True,False,
24,92620024,M3_NO_SLOPE,y ~ X + context_len + is_self + (1 | item_id) + (1 | model_id),24,100,0.6,0.1,0.02,0.03,0.03,0.3,2400,0.5999643167273178,0.49596879490859247,False,0.0793609757043931,0.9356007930228973,,True,True,boundary (singular) fit: see help('isSingular'),boundary (singular) fit: see help('isSingular'),0.1147,0.1075,0.2859,-0.096,0.3255,False,0.0147,True,0.0,,,0.2838,0.0,model_intercept_sd_zero,model_intercept_sd_zero,,True,False,
24,92620024,M4_ITEM_ONLY,y ~ X + context_len + is_self + (1 | item_id),24,100,0.6,0.1,0.02,0.03,0.03,0.3,2400,0.5999643167273178,0.49596879490859247,False,0.0793609757043931,0.9356007930228973,,True,False,[],,0.1147,0.1081,0.2884,-0.0971,0.3266,False,0.0147,True,,,,0.2838,,non_singular,non_singular,,,False,
24,92620024,M5_MODEL_SLOPE_ONLY,y ~ X + context_len + is_self + (1 + is_self | model_id),24,100,0.6,0.1,0.02,0.03,0.03,0.3,2400,0.5999643167273178,0.49596879490859247,False,0.0793609757043931,0.9356007930228973,,True,True,boundary (singular) fit: see help('isSingular'),boundary (singular) fit: see help('isSingular'),0.1146,0.1101,0.2982,-0.1013,0.3304,False,0.0146,True,0.1271,0.1242,-1.0,,1.7347e-18,model_corr_boundary,model_corr_boundary,False,False,,True
25,92620025,M1_FULL_CORR,y ~ X + context_len + is_self + (1 | item_id) + (1 + is_self | model_id),24,100,0.6,0.1,0.02,0.03,0.03,0.3,2400,0.5837270849367098,0.5050724440624108,True,0.05029816466219469,0.9601169397472189,,True,True,boundary (singular) fit: see help('isSingular'),boundary (singular) fit: see help('isSingular'),-0.0202,0.1132,0.8582,-0.2422,0.2017,False,-0.1202,True,0.1897,0.1922,-0.7271,0.0,0.0099,item_intercept_sd_zero,item_intercept_sd_zero,False,False,True,False
25,92620025,M2_FULL_UNCORR,y ~ X + context_len + is_self + (1 | item_id) + (1 + is_self || model_id),24,100,0.6,0.1,0.02,0.03,0.03,0.3,2400,0.5837270849367098,0.5050724440624108,True,0.05029816466219469,0.9601169397472189,,True,True,boundary (singular) fit: see help('isSingular'),boundary (singular) fit: see help('isSingular'),-0.0131,0.1054,0.9011,-0.2197,0.1935,False,-0.1131,True,0.1392,,,0.0,0.0194,item_intercept_sd_zero,item_intercept_sd_zero,,False,True,
25,92620025,M3_NO_SLOPE,y ~ X + context_len + is_self + (1 | item_id) + (1 | model_id),24,100,0.6,0.1,0.02,0.03,0.03,0.3,2400,0.5837270849367098,0.5050724440624108,True,0.05029816466219469,0.9601169397472189,,True,True,boundary (singular) fit: see help('isSingular'),boundary (singular) fit: see help('isSingular'),-0.0149,0.1046,0.8871,-0.2199,0.1902,False,-0.1149,True,0.1425,,,1.4458e-07,0.0203,item_intercept_sd_zero,item_intercept_sd_zero,,False,True,
25,92620025,M4_ITEM_ONLY,y ~ X + context_len + is_self + (1 | item_id),24,100,0.6,0.1,0.02,0.03,0.03,0.3,2400,0.5837270849367098,0.5050724440624108,True,0.05029816466219469,0.9601169397472189,,True,True,boundary (singular) fit: see help('isSingular'),boundary (singular) fit: see help('isSingular'),-0.0172,0.1043,0.8689,-0.2217,0.1872,False,-0.1172,True,,,,0.0,,item_intercept_sd_zero,item_intercept_sd_zero,,,True,
25,92620025,M5_MODEL_SLOPE_ONLY,y ~ X + context_len + is_self + (1 + is_self | model_id),24,100,0.6,0.1,0.02,0.03,0.03,0.3,2400,0.5837270849367098,0.5050724440624108,True,0.05029816466219469,0.9601169397472189,,True,False,[],,-0.0202,0.116,0.8615,-0.2475,0.2071,False,-0.1202,True,0.1897,0.1922,-0.7271,,0.0099,non_singular,non_singular,False,False,,False
26,92620026,M1_FULL_CORR,y ~ X + context_len + is_self + (1 | item_id) + (1 + is_self | model_id),24,100,0.6,0.1,0.02,0.03,0.03,0.3,2400,0.5938453172253114,0.10984412285436397,False,0.059284726492802135,0.9266958947059587,,True,True,boundary (singular) fit: see help('isSingular'),boundary (singular) fit: see help('isSingular'),0.1755,0.1051,0.0949,-0.0305,0.3815,False,0.0755,True,2.1952e-06,1.6918e-06,-1.0,0.0,-2.0195e-28,model_slope_sd_zero,model_slope_sd_zero,True,True,True,True
26,92620026,M2_FULL_UNCORR,y ~ X + context_len + is_self + (1 | item_id) + (1 + is_self || model_id),24,100,0.6,0.1,0.02,0.03,0.03,0.3,2400,0.5938453172253114,0.10984412285436397,False,0.059284726492802135,0.9266958947059587,,True,True,boundary (singular) fit: see help('isSingular'),boundary (singular) fit: see help('isSingular'),0.1755,0.1051,0.0949,-0.0305,0.3815,False,0.0755,True,0.0,,,0.0,0.0,model_intercept_sd_zero,model_intercept_sd_zero,,True,True,
26,92620026,M3_NO_SLOPE,y ~ X + context_len + is_self + (1 | item_id) + (1 | model_id),24,100,0.6,0.1,0.02,0.03,0.03,0.3,2400,0.5938453172253114,0.10984412285436397,False,0.059284726492802135,0.9266958947059587,,True,True,boundary (singular) fit: see help('isSingular'),boundary (singular) fit: see help('isSingular'),0.1755,0.1051,0.0949,-0.0305,0.3815,False,0.0755,True,0.0,,,0.0,0.0,model_intercept_sd_zero,model_intercept_sd_zero,,True,True,
26,92620026,M4_ITEM_ONLY,y ~ X + context_len + is_self + (1 | item_id),24,100,0.6,0.1,0.02,0.03,0.03,0.3,2400,0.5938453172253114,0.10984412285436397,False,0.059284726492802135,0.9266958947059587,,True,True,boundary (singular) fit: see help('isSingular'),boundary (singular) fit: see help('isSingular'),0.1755,0.1051,0.0949,-0.0305,0.3815,False,0.0755,True,,,,0.0,,item_intercept_sd_zero,item_intercept_sd_zero,,,True,
26,92620026,M5_MODEL_SLOPE_ONLY,y ~ X + context_len + is_self + (1 + is_self | model_id),24,100,0.6,0.1,0.02,0.03,0.03,0.3,2400,0.5938453172253114,0.10984412285436397,False,0.059284726492802135,0.9266958947059587,,True,True,boundary (singular) fit: see help('isSingular'),boundary (singular) fit: see help('isSingular'),0.1755,0.1051,0.0949,-0.0305,0.3815,False,0.0755,True,0.0,7.0858e-09,,,0.0,model_slope_sd_zero,model_slope_sd_zero,True,True,,
27,92620027,M1_FULL_CORR,y ~ X + context_len + is_self + (1 | item_id) + (1 + is_self | model_id),24,100,0.6,0.1,0.02,0.03,0.03,0.3,2400,0.6145263421932071,0.30559824986859885,False,0.06752262951144478,0.9085252126268247,,True,True,boundary (singular) fit: see help('isSingular'),boundary (singular) fit: see help('isSingular'),0.1298,0.1123,0.2478,-0.0903,0.3498,False,0.0298,True,0.1132,0.1466,-1.0,0.0353,-1.7347e-18,model_corr_boundary,model_corr_boundary,False,False,False,True
27,92620027,M2_FULL_UNCORR,y ~ X + context_len + is_self + (1 | item_id) + (1 + is_self || model_id),24,100,0.6,0.1,0.02,0.03,0.03,0.3,2400,0.6145263421932071,0.30559824986859885,False,0.06752262951144478,0.9085252126268247,,True,True,boundary (singular) fit: see help('isSingular'),boundary (singular) fit: see help('isSingular'),0.1336,0.1075,0.2137,-0.077,0.3443,False,0.0336,True,0.0,,,0.0291,0.0,model_intercept_sd_zero,model_intercept_sd_zero,,True,False,
27,92620027,M3_NO_SLOPE,y ~ X + context_len + is_self + (1 | item_id) + (1 | model_id),24,100,0.6,0.1,0.02,0.03,0.03,0.3,2400,0.6145263421932071,0.30559824986859885,False,0.06752262951144478,0.9085252126268247,,True,True,boundary (singular) fit: see help('isSingular'),boundary (singular) fit: see help('isSingular'),0.1336,0.1075,0.2137,-0.077,0.3443,False,0.0336,True,0.0,,,0.0291,0.0,model_intercept_sd_zero,model_intercept_sd_zero,,True,False,
27,92620027,M4_ITEM_ONLY,y ~ X + context_len + is_self + (1 | item_id),24,100,0.6,0.1,0.02,0.03,0.03,0.3,2400,0.6145263421932071,0.30559824986859885,False,0.06752262951144478,0.9085252126268247,,True,False,[],,0.1336,0.1076,0.214,-0.0772,0.3445,False,0.0336,True,,,,0.0291,,non_singular,non_singular,,,False,
27,92620027,M5_MODEL_SLOPE_ONLY,y ~ X + context_len + is_self + (1 + is_self | model_id),24,100,0.6,0.1,0.02,0.03,0.03,0.3,2400,0.6145263421932071,0.30559824986859885,False,0.06752262951144478,0.9085252126268247,,True,True,boundary (singular) fit: see help('isSingular'),boundary (singular) fit: see help('isSingular'),0.1296,0.1122,0.2482,-0.0904,0.3496,False,0.0296,True,0.113,0.1465,-1.0,,7.3812e-15,model_corr_boundary,model_corr_boundary,False,False,,True
28,92620028,M1_FULL_CORR,y ~ X + context_len + is_self + (1 | item_id) + (1 + is_self | model_id),24,100,0.6,0.1,0.02,0.03,0.03,0.3,2400,0.6303671470192076,0.41916225630798526,False,0.0847395739810993,0.9044129336874984,,True,True,boundary (singular) fit: see help('isSingular'),boundary (singular) fit: see help('isSingular'),0.1347,0.1103,0.2219,-0.0815,0.3509,False,0.0347,True,0.0242,0.0438,1.0,0.0,0.0,model_corr_boundary,model_corr_boundary,False,False,True,True
28,92620028,M2_FULL_UNCORR,y ~ X + context_len + is_self + (1 | item_id) + (1 + is_self || model_id),24,100,0.6,0.1,0.02,0.03,0.03,0.3,2400,0.6303671470192076,0.41916225630798526,False,0.0847395739810993,0.9044129336874984,,True,True,boundary (singular) fit: see help('isSingular'),boundary (singular) fit: see help('isSingular'),0.1342,0.1103,0.2239,-0.082,0.3504,False,0.0342,True,0.0,,,0.0,0.0,model_intercept_sd_zero,model_intercept_sd_zero,,True,True,
28,92620028,M3_NO_SLOPE,y ~ X + context_len + is_self + (1 | item_id) + (1 | model_id),24,100,0.6,0.1,0.02,0.03,0.03,0.3,2400,0.6303671470192076,0.41916225630798526,False,0.0847395739810993,0.9044129336874984,,True,True,boundary (singular) fit: see help('isSingular'),boundary (singular) fit: see help('isSingular'),0.1343,0.1098,0.2213,-0.0809,0.3495,False,0.0343,True,0.0,,,4.7012e-07,1.2027e-10,model_intercept_sd_zero,model_intercept_sd_zero,,True,True,
28,92620028,M4_ITEM_ONLY,y ~ X + context_len + is_self + (1 | item_id),24,100,0.6,0.1,0.02,0.03,0.03,0.3,2400,0.6303671470192076,0.41916225630798526,False,0.0847395739810993,0.9044129336874984,,True,True,boundary (singular) fit: see help('isSingular'),boundary (singular) fit: see help('isSingular'),0.1343,0.1098,0.2213,-0.0809,0.3495,False,0.0343,True,,,,0.0,,item_intercept_sd_zero,item_intercept_sd_zero,,,True,
28,92620028,M5_MODEL_SLOPE_ONLY,y ~ X + context_len + is_self + (1 + is_self | model_id),24,100,0.6,0.1,0.02,0.03,0.03,0.3,2400,0.6303671470192076,0.41916225630798526,False,0.0847395739810993,0.9044129336874984,,True,True,boundary (singular) fit: see help('isSingular'),boundary (singular) fit: see help('isSingular'),0.1342,0.1103,0.2239,-0.082,0.3504,False,0.0342,True,0.0,0.0472,,,0.0,model_intercept_sd_zero,model_intercept_sd_zero,False,True,,
29,92620029,M1_FULL_CORR,y ~ X + context_len + is_self + (1 | item_id) + (1 + is_self | model_id),24,100,0.6,0.1,0.02,0.03,0.03,0.3,2400,0.5899789171389597,0.1628901740436987,False,0.06092658492468981,0.9414270359610638,,True,True,boundary (singular) fit: see help('isSingular'),boundary (singular) fit: see help('isSingular'),0.0967,0.1058,0.3606,-0.1107,0.3041,False,-0.0033,True,3.6902e-06,6.8126e-06,-1.0,0.0,1.6156e-27,model_slope_sd_zero,model_slope_sd_zero,True,True,True,True
29,92620029,M2_FULL_UNCORR,y ~ X + context_len + is_self + (1 | item_id) + (1 + is_self || model_id),24,100,0.6,0.1,0.02,0.03,0.03,0.3,2400,0.5899789171389597,0.1628901740436987,False,0.06092658492468981,0.9414270359610638,,True,True,boundary (singular) fit: see help('isSingular'),boundary (singular) fit: see help('isSingular'),0.0967,0.1058,0.3606,-0.1107,0.3041,False,-0.0033,True,0.0,,,1.8924e-08,0.0,model_intercept_sd_zero,model_intercept_sd_zero,,True,True,
29,92620029,M3_NO_SLOPE,y ~ X + context_len + is_self + (1 | item_id) + (1 | model_id),24,100,0.6,0.1,0.02,0.03,0.03,0.3,2400,0.5899789171389597,0.1628901740436987,False,0.06092658492468981,0.9414270359610638,,True,True,boundary (singular) fit: see help('isSingular'),boundary (singular) fit: see help('isSingular'),0.0967,0.1058,0.3606,-0.1107,0.3041,False,-0.0033,True,0.0,,,0.0,0.0,model_intercept_sd_zero,model_intercept_sd_zero,,True,True,
29,92620029,M4_ITEM_ONLY,y ~ X + context_len + is_self + (1 | item_id),24,100,0.6,0.1,0.02,0.03,0.03,0.3,2400,0.5899789171389597,0.1628901740436987,False,0.06092658492468981,0.9414270359610638,,True,True,boundary (singular) fit: see help('isSingular'),boundary (singular) fit: see help('isSingular'),0.0967,0.1058,0.3606,-0.1107,0.3041,False,-0.0033,True,,,,0.0,,item_intercept_sd_zero,item_intercept_sd_zero,,,True,
29,92620029,M5_MODEL_SLOPE_ONLY,y ~ X + context_len + is_self + (1 + is_self | model_id),24,100,0.6,0.1,0.02,0.03,0.03,0.3,2400,0.5899789171389597,0.1628901740436987,False,0.06092658492468981,0.9414270359610638,,True,True,boundary (singular) fit: see help('isSingular'),boundary (singular) fit: see help('isSingular'),0.0967,0.1058,0.3606,-0.1107,0.3041,False,-0.0033,True,0.0,1.296e-07,,,0.0,model_slope_sd_zero,model_slope_sd_zero,True,True,,
30,92620030,M1_FULL_CORR,y ~ X + context_len + is_self + (1 | item_id) + (1 + is_self | model_id),24,100,0.6,0.1,0.02,0.03,0.03,0.3,2400,0.6025486298235485,0.2844197644986786,False,0.13540514454645777,0.9753455928010825,,True,True,boundary (singular) fit: see help('isSingular'),boundary (singular) fit: see help('isSingular'),0.0115,0.1093,0.9163,-0.2028,0.2258,False,-0.0885,True,0.0,0.0973,,0.2457,0.0,model_intercept_sd_zero,model_intercept_sd_zero,False,True,False,
30,92620030,M2_FULL_UNCORR,y ~ X + context_len + is_self + (1 | item_id) + (1 + is_self || model_id),24,100,0.6,0.1,0.02,0.03,0.03,0.3,2400,0.6025486298235485,0.2844197644986786,False,0.13540514454645777,0.9753455928010825,,True,False,[],,0.0116,0.1099,0.916,-0.2038,0.227,False,-0.0884,True,0.0193,,,0.2457,0.0004,non_singular,non_singular,,False,False,
30,92620030,M3_NO_SLOPE,y ~ X + context_len + is_self + (1 | item_id) + (1 | model_id),24,100,0.6,0.1,0.02,0.03,0.03,0.3,2400,0.6025486298235485,0.2844197644986786,False,0.13540514454645777,0.9753455928010825,,True,False,[],,0.0129,0.1075,0.9043,-0.1979,0.2237,False,-0.0871,True,0.0503,,,0.2457,0.0025,non_singular,non_singular,,False,False,
30,92620030,M4_ITEM_ONLY,y ~ X + context_len + is_self + (1 | item_id),24,100,0.6,0.1,0.02,0.03,0.03,0.3,2400,0.6025486298235485,0.2844197644986786,False,0.13540514454645777,0.9753455928010825,,True,False,[],,0.0127,0.1074,0.9059,-0.1979,0.2233,False,-0.0873,True,,,,0.2453,,non_singular,non_singular,,,False,
30,92620030,M5_MODEL_SLOPE_ONLY,y ~ X + context_len + is_self + (1 + is_self | model_id),24,100,0.6,0.1,0.02,0.03,0.03,0.3,2400,0.6025486298235485,0.2844197644986786,False,0.13540514454645777,0.9753455928010825,,True,True,boundary (singular) fit: see help('isSingular'),boundary (singular) fit: see help('isSingular'),0.0153,0.1076,0.8867,-0.1956,0.2263,False,-0.0847,True,0.0248,0.0703,1.0,,4.5429e-11,model_corr_boundary,model_corr_boundary,False,False,,True
