rep,seed,singular__M1_FULL_CORR,singular__M2_FULL_UNCORR,singular__M3_NO_SLOPE,singular__M4_ITEM_ONLY,singular__M5_MODEL_SLOPE_ONLY,slope_zero__M1_FULL_CORR,slope_zero__M2_FULL_UNCORR,slope_zero__M3_NO_SLOPE,slope_zero__M4_ITEM_ONLY,slope_zero__M5_MODEL_SLOPE_ONLY,model_zero__M1_FULL_CORR,model_zero__M2_FULL_UNCORR,model_zero__M3_NO_SLOPE,model_zero__M4_ITEM_ONLY,model_zero__M5_MODEL_SLOPE_ONLY,item_zero__M1_FULL_CORR,item_zero__M2_FULL_UNCORR,item_zero__M3_NO_SLOPE,item_zero__M4_ITEM_ONLY,item_zero__M5_MODEL_SLOPE_ONLY,corr_boundary__M1_FULL_CORR,corr_boundary__M2_FULL_UNCORR,corr_boundary__M3_NO_SLOPE,corr_boundary__M4_ITEM_ONLY,corr_boundary__M5_MODEL_SLOPE_ONLY,estimate__M1_FULL_CORR,estimate__M2_FULL_UNCORR,estimate__M3_NO_SLOPE,estimate__M4_ITEM_ONLY,estimate__M5_MODEL_SLOPE_ONLY,bias__M1_FULL_CORR,bias__M2_FULL_UNCORR,bias__M3_NO_SLOPE,bias__M4_ITEM_ONLY,bias__M5_MODEL_SLOPE_ONLY,se__M1_FULL_CORR,se__M2_FULL_UNCORR,se__M3_NO_SLOPE,se__M4_ITEM_ONLY,se__M5_MODEL_SLOPE_ONLY,p_value__M1_FULL_CORR,p_value__M2_FULL_UNCORR,p_value__M3_NO_SLOPE,p_value__M4_ITEM_ONLY,p_value__M5_MODEL_SLOPE_ONLY
1,92620001,True,True,True,True,True,False,,,,False,False,True,False,,True,True,True,True,True,,True,,,,,0.2009,0.2011,0.1922,0.1926,0.2011,0.1009,0.1011,0.0922,0.0926,0.1011,0.1154,0.1149,0.1067,0.1067,0.1149,0.0817,0.0801,0.0716,0.0709,0.0801
2,92620002,True,True,True,True,True,True,,,,True,True,True,True,,True,True,True,True,True,,,,,,True,0.1112,0.1112,0.1112,0.1112,0.1112,0.0112,0.0112,0.0112,0.0112,0.0112,0.1045,0.1045,0.1045,0.1045,0.1045,0.2873,0.2873,0.2873,0.2873,0.2873
3,92620003,True,True,True,False,True,False,,,,True,False,True,True,,True,False,False,False,False,,True,,,,,0.2415,0.2415,0.2415,0.2415,0.2416,0.1415,0.1415,0.1415,0.1415,0.1416,0.1045,0.1045,0.1045,0.1046,0.1045,0.0209,0.0209,0.0209,0.021,0.0208
4,92620004,True,True,True,False,True,True,,,,True,True,True,True,,True,False,False,False,False,,,,,,,0.2876,0.2876,0.2876,0.2876,0.2877,0.1876,0.1876,0.1876,0.1876,0.1877,0.1057,0.1057,0.1057,0.1059,0.1054,0.0065,0.0065,0.0065,0.0066,0.0064
5,92620005,True,True,True,False,True,True,,,,True,True,True,True,,True,False,False,False,False,,True,,,,True,0.1284,0.1284,0.1284,0.1284,0.1282,0.0284,0.0284,0.0284,0.0284,0.0282,0.1068,0.1068,0.1068,0.1073,0.1061,0.2296,0.2296,0.2296,0.2314,0.227
6,92620006,True,True,True,True,True,False,,,,False,False,False,False,,True,True,True,True,True,,True,,,,,0.0087,0.0018,0.0012,-0.0048,0.0067,-0.0913,-0.0982,-0.0988,-0.1048,-0.0933,0.1072,0.1055,0.1049,0.1043,0.1129,0.9353,0.9867,0.9909,0.9633,0.9525
7,92620007,True,True,True,True,True,True,,,,True,True,True,True,,True,True,True,True,True,,,,,,True,0.0689,0.0689,0.0689,0.0689,0.0689,-0.0311,-0.0311,-0.0311,-0.0311,-0.0311,0.1061,0.1061,0.1061,0.1061,0.1061,0.516,0.516,0.516,0.516,0.516
8,92620008,True,True,True,True,True,False,,,,False,True,True,True,,False,True,True,True,True,,,,,,True,0.1453,0.1453,0.1422,0.1422,0.1449,0.0453,0.0453,0.0422,0.0422,0.0449,0.1081,0.1081,0.1068,0.1068,0.1078,0.179,0.179,0.1829,0.1829,0.1787
9,92620009,True,True,False,False,True,False,,,,False,True,True,False,,False,False,False,False,False,,,,,,True,0.0507,0.0507,0.0454,0.0462,0.0478,-0.0493,-0.0493,-0.0546,-0.0538,-0.0522,0.1151,0.1151,0.1087,0.1084,0.1163,0.6594,0.6594,0.6763,0.6699,0.6809
10,92620010,True,True,True,True,True,False,,,,False,False,True,False,,False,True,True,True,True,,True,,,,True,0.0239,0.0225,0.0344,0.035,0.0239,-0.0761,-0.0775,-0.0656,-0.065,-0.0761,0.1136,0.1148,0.1068,0.1067,0.1136,0.8334,0.8449,0.7473,0.743,0.8334
11,92620011,True,True,True,True,True,False,,,,False,True,True,True,,True,True,True,True,True,,,,,,,0.2874,0.2874,0.2895,0.2895,0.2874,0.1874,0.1874,0.1895,0.1895,0.1874,0.1075,0.1075,0.1058,0.1058,0.1075,0.0075,0.0075,0.0062,0.0062,0.0075
12,92620012,True,True,True,False,True,False,,,,False,True,True,True,,False,False,False,False,False,,,,,,True,-0.0206,-0.0206,-0.022,-0.022,-0.0222,-0.1206,-0.1206,-0.122,-0.122,-0.1222,0.1054,0.1054,0.1046,0.1048,0.1051,0.8454,0.8454,0.8337,0.834,0.8323
13,92620013,True,True,True,True,True,True,,,,True,True,True,True,,True,True,True,True,True,,,,,,True,-0.0075,-0.0075,-0.0075,-0.0075,-0.0075,-0.1075,-0.1075,-0.1075,-0.1075,-0.1075,0.1048,0.1048,0.1048,0.1048,0.1048,0.9426,0.9426,0.9426,0.9426,0.9426
14,92620014,True,True,True,True,True,True,,,,True,True,True,True,,True,False,False,True,True,,True,,,,,0.1896,0.1896,0.1896,0.1896,0.1896,0.0896,0.0896,0.0896,0.0896,0.0896,0.1054,0.1054,0.1054,0.1054,0.1054,0.072,0.072,0.072,0.072,0.072
15,92620015,True,True,True,True,True,False,,,,False,True,True,False,,True,True,True,True,True,,,,,,,0.1248,0.1248,0.1355,0.1375,0.1248,0.0248,0.0248,0.0355,0.0375,0.0248,0.1146,0.1146,0.1086,0.1082,0.1146,0.2759,0.2759,0.2123,0.2039,0.2759
16,92620016,True,True,True,False,True,False,,,,True,False,True,True,,True,False,False,False,False,,True,,,,,0.0395,0.0392,0.0392,0.0392,0.0369,-0.0605,-0.0608,-0.0608,-0.0608,-0.0631,0.1058,0.1057,0.1057,0.106,0.1053,0.709,0.7107,0.7107,0.7115,0.7256
17,92620017,True,True,True,False,True,True,,,,True,True,True,True,,True,False,False,False,False,,,,,,,0.1779,0.1779,0.1779,0.1779,0.1797,0.0779,0.0779,0.0779,0.0779,0.0797,0.1067,0.1067,0.1067,0.1069,0.1065,0.0954,0.0954,0.0954,0.096,0.0916
18,92620018,True,True,True,True,True,False,,,,False,True,True,True,,False,True,True,True,True,,,,,,True,0.09,0.09,0.1004,0.1004,0.0813,-0.01,-0.01,0.0004,0.0004,-0.0187,0.114,0.114,0.1052,0.1052,0.1207,0.4297,0.4297,0.3399,0.3399,0.5006
19,92620019,True,True,True,True,True,True,,,,True,True,True,True,,True,True,True,True,True,,True,,,,,0.0948,0.0948,0.0948,0.0948,0.0948,-0.0052,-0.0052,-0.0052,-0.0052,-0.0052,0.1056,0.1056,0.1056,0.1056,0.1056,0.3691,0.3691,0.3691,0.3691,0.3691
20,92620020,True,True,True,True,False,False,,,,False,True,True,True,,False,True,True,True,True,,,,,,True,0.0582,0.0582,0.058,0.058,0.0582,-0.0418,-0.0418,-0.042,-0.042,-0.0418,0.1039,0.1039,0.1035,0.1035,0.1039,0.5754,0.5754,0.5748,0.5748,0.5758
21,92620021,True,True,True,False,True,True,,,,True,True,True,True,,True,False,False,False,False,,True,,,,,0.1025,0.1025,0.1025,0.1025,0.1036,0.0025,0.0025,0.0025,0.0025,0.0036,0.1048,0.1048,0.1048,0.1051,0.1044,0.3281,0.3281,0.3281,0.3295,0.3212
22,92620022,True,False,False,False,True,False,,,,False,False,False,False,,False,False,False,False,False,,True,,,,True,0.2015,0.2014,0.2011,0.2028,0.2021,0.1015,0.1014,0.1011,0.1028,0.1021,0.1381,0.1095,0.1081,0.1079,0.1381,0.1446,0.066,0.0629,0.0601,0.1432
23,92620023,True,True,True,True,True,False,,,,False,False,True,True,,False,True,True,True,True,,True,,,,True,0.0081,0.0079,0.0055,0.0055,0.0081,-0.0919,-0.0921,-0.0945,-0.0945,-0.0919,0.1076,0.1083,0.1052,0.1052,0.1076,0.9397,0.9415,0.9582,0.9582,0.9397
24,92620024,True,True,True,False,True,False,,,,False,False,True,True,,False,False,False,False,False,,True,,,,True,0.1167,0.1147,0.1147,0.1147,0.1146,0.0167,0.0147,0.0147,0.0147,0.0146,0.1113,0.1075,0.1075,0.1081,0.1101,0.2942,0.2859,0.2859,0.2884,0.2982
25,92620025,True,True,True,True,False,False,,,,False,False,False,False,,False,True,True,True,True,,False,,,,False,-0.0202,-0.0131,-0.0149,-0.0172,-0.0202,-0.1202,-0.1131,-0.1149,-0.1172,-0.1202,0.1132,0.1054,0.1046,0.1043,0.116,0.8582,0.9011,0.8871,0.8689,0.8615
26,92620026,True,True,True,True,True,True,,,,True,True,True,True,,True,True,True,True,True,,True,,,,,0.1755,0.1755,0.1755,0.1755,0.1755,0.0755,0.0755,0.0755,0.0755,0.0755,0.1051,0.1051,0.1051,0.1051,0.1051,0.0949,0.0949,0.0949,0.0949,0.0949
27,92620027,True,True,True,False,True,False,,,,False,False,True,True,,False,False,False,False,False,,True,,,,True,0.1298,0.1336,0.1336,0.1336,0.1296,0.0298,0.0336,0.0336,0.0336,0.0296,0.1123,0.1075,0.1075,0.1076,0.1122,0.2478,0.2137,0.2137,0.214,0.2482
28,92620028,True,True,True,True,True,False,,,,False,False,True,True,,True,True,True,True,True,,True,,,,,0.1347,0.1342,0.1343,0.1343,0.1342,0.0347,0.0342,0.0343,0.0343,0.0342,0.1103,0.1103,0.1098,0.1098,0.1103,0.2219,0.2239,0.2213,0.2213,0.2239
29,92620029,True,True,True,True,True,True,,,,True,True,True,True,,True,True,True,True,True,,True,,,,,0.0967,0.0967,0.0967,0.0967,0.0967,-0.0033,-0.0033,-0.0033,-0.0033,-0.0033,0.1058,0.1058,0.1058,0.1058,0.1058,0.3606,0.3606,0.3606,0.3606,0.3606
30,92620030,True,False,False,False,True,False,,,,False,True,False,False,,False,False,False,False,False,,,,,,True,0.0115,0.0116,0.0129,0.0127,0.0153,-0.0885,-0.0884,-0.0871,-0.0873,-0.0847,0.1093,0.1099,0.1075,0.1074,0.1076,0.9163,0.916,0.9043,0.9059,0.8867
