model_id,n,n_self,self_prop,y_mean,X_mean,context_mean,n_control,both_levels,self_within_ss,rep,seed
0,100,29,0.29,0.55,-0.49410360666298736,-0.06458910003460037,71,True,20.589999999999996,1,92620001
1,100,45,0.45,0.69,-0.178136505643387,-0.06458910003460037,55,True,24.750000000000004,1,92620001
2,100,23,0.23,0.63,-0.8695785811424734,-0.06458910003460037,77,True,17.71,1,92620001
3,100,60,0.6,0.59,0.2961435457463537,-0.06458910003460037,40,True,24.0,1,92620001
4,100,65,0.65,0.69,0.3118715804052581,-0.06458910003460037,35,True,22.75,1,92620001
5,100,91,0.91,0.79,1.5028791844189267,-0.06458910003460037,9,True,8.189999999999998,1,92620001
6,100,22,0.22,0.57,-0.8661428405513777,-0.06458910003460037,78,True,17.16,1,92620001
7,100,50,0.5,0.62,-0.006563270535538734,-0.06458910003460037,50,True,25.0,1,92620001
8,100,67,0.67,0.69,0.45544405929808995,-0.06458910003460037,33,True,22.109999999999996,1,92620001
9,100,91,0.91,0.75,1.6139328269451827,-0.06458910003460037,9,True,8.189999999999998,1,92620001
10,100,11,0.11,0.6,-1.0947325524522444,-0.06458910003460037,89,True,9.790000000000001,1,92620001
11,100,8,0.08,0.58,-1.159953629466191,-0.06458910003460037,92,True,7.36,1,92620001
12,100,27,0.27,0.54,-0.49153850903297247,-0.06458910003460037,73,True,19.71,1,92620001
13,100,46,0.46,0.68,-0.05541229184807328,-0.06458910003460037,54,True,24.840000000000003,1,92620001
14,100,82,0.82,0.62,0.9413578160848459,-0.06458910003460037,18,True,14.760000000000003,1,92620001
15,100,93,0.93,0.82,1.6547842244297826,-0.06458910003460037,7,True,6.509999999999995,1,92620001
16,100,9,0.09,0.62,-1.1235569080201575,-0.06458910003460037,91,True,8.19,1,92620001
17,100,14,0.14,0.57,-1.051842978443588,-0.06458910003460037,86,True,12.040000000000001,1,92620001
18,100,18,0.18,0.6,-0.7984209712013381,-0.06458910003460037,82,True,14.760000000000002,1,92620001
19,100,14,0.14,0.53,-0.8848127690929192,-0.06458910003460037,86,True,12.040000000000001,1,92620001
20,100,93,0.93,0.66,1.6496472735579761,-0.06458910003460037,7,True,6.509999999999995,1,92620001
21,100,90,0.9,0.69,1.5078283352255024,-0.06458910003460037,10,True,8.999999999999998,1,92620001
22,100,28,0.28,0.63,-0.5682872788798274,-0.06458910003460037,72,True,20.16,1,92620001
23,100,35,0.35,0.53,-0.2908061531388402,-0.06458910003460037,65,True,22.75,1,92620001
0,100,39,0.39,0.67,-0.36145593115760555,-0.10242133317756787,61,True,23.79,2,92620002
1,100,90,0.9,0.69,1.2679659982237848,-0.10242133317756787,10,True,8.999999999999998,2,92620002
2,100,86,0.86,0.62,0.9504085771497711,-0.10242133317756787,14,True,12.040000000000001,2,92620002
3,100,72,0.72,0.7,0.518659331921981,-0.10242133317756787,28,True,20.160000000000004,2,92620002
4,100,9,0.09,0.63,-1.2084334715007383,-0.10242133317756787,91,True,8.19,2,92620002
5,100,91,0.91,0.7,0.9979224984814278,-0.10242133317756787,9,True,8.189999999999998,2,92620002
6,100,42,0.42,0.56,-0.16877971872213138,-0.10242133317756787,58,True,24.360000000000003,2,92620002
7,100,59,0.59,0.68,0.3044705196273778,-0.10242133317756787,41,True,24.19,2,92620002
8,100,62,0.62,0.63,0.2484364773783252,-0.10242133317756787,38,True,23.56,2,92620002
9,100,24,0.24,0.54,-0.7580451154612895,-0.10242133317756787,76,True,18.240000000000002,2,92620002
10,100,62,0.62,0.69,0.2577435792210885,-0.10242133317756787,38,True,23.56,2,92620002
11,100,85,0.85,0.65,0.7589973324718002,-0.10242133317756787,15,True,12.750000000000002,2,92620002
12,100,27,0.27,0.62,-0.4577420843278599,-0.10242133317756787,73,True,19.71,2,92620002
13,100,7,0.07,0.53,-1.242205644329097,-0.10242133317756787,93,True,6.510000000000001,2,92620002
14,100,76,0.76,0.63,0.5447022123219174,-0.10242133317756787,24,True,18.24,2,92620002
15,100,5,0.05,0.54,-1.4365499175319503,-0.10242133317756787,95,True,4.75,2,92620002
16,100,66,0.66,0.58,0.3529320485115637,-0.10242133317756787,34,True,22.439999999999998,2,92620002
17,100,81,0.81,0.62,0.8448061722744472,-0.10242133317756787,19,True,15.389999999999995,2,92620002
18,100,87,0.87,0.58,0.8719376665466231,-0.10242133317756787,13,True,11.31,2,92620002
19,100,14,0.14,0.58,-0.9600817142833691,-0.10242133317756787,86,True,12.040000000000001,2,92620002
20,100,74,0.74,0.63,0.562689574676897,-0.10242133317756787,26,True,19.240000000000002,2,92620002
21,100,57,0.57,0.66,0.09014399272769325,-0.10242133317756787,43,True,24.509999999999998,2,92620002
22,100,10,0.1,0.55,-1.2438098328723761,-0.10242133317756787,90,True,9.0,2,92620002
23,100,21,0.21,0.62,-0.7347125513482825,-0.10242133317756787,79,True,16.59,2,92620002
0,100,84,0.84,0.68,0.686607548072283,-0.005554426303044411,16,True,13.440000000000003,3,92620003
1,100,22,0.22,0.67,-0.611110061286757,-0.005554426303044411,78,True,17.16,3,92620003
2,100,74,0.74,0.65,0.398666825913196,-0.005554426303044411,26,True,19.240000000000002,3,92620003
3,100,86,0.86,0.6,0.8206704935853023,-0.005554426303044411,14,True,12.040000000000001,3,92620003
4,100,11,0.11,0.56,-0.9751396563944184,-0.005554426303044411,89,True,9.790000000000001,3,92620003
5,100,55,0.55,0.68,0.10548434353574088,-0.005554426303044411,45,True,24.75,3,92620003
6,100,50,0.5,0.68,0.09786926649116623,-0.005554426303044411,50,True,25.0,3,92620003
7,100,84,0.84,0.71,0.8947287293394162,-0.005554426303044411,16,True,13.440000000000003,3,92620003
8,100,28,0.28,0.6,-0.5003485460487429,-0.005554426303044411,72,True,20.16,3,92620003
9,100,42,0.42,0.64,-0.16020040398743518,-0.005554426303044411,58,True,24.360000000000003,3,92620003
10,100,29,0.29,0.64,-0.23067544745238777,-0.005554426303044411,71,True,20.589999999999996,3,92620003
11,100,14,0.14,0.58,-0.5619907602633116,-0.005554426303044411,86,True,12.040000000000001,3,92620003
12,100,85,0.85,0.63,0.8096825084761133,-0.005554426303044411,15,True,12.750000000000002,3,92620003
13,100,7,0.07,0.53,-1.0800394995578522,-0.005554426303044411,93,True,6.510000000000001,3,92620003
14,100,81,0.81,0.57,0.3686118734740784,-0.005554426303044411,19,True,15.389999999999995,3,92620003
15,100,9,0.09,0.51,-0.8224896483840655,-0.005554426303044411,91,True,8.19,3,92620003
16,100,33,0.33,0.57,-0.29589193809335335,-0.005554426303044411,67,True,22.11,3,92620003
17,100,23,0.23,0.66,-0.6143522633547231,-0.005554426303044411,77,True,17.71,3,92620003
18,100,70,0.7,0.64,0.5016789993067086,-0.005554426303044411,30,True,21.000000000000004,3,92620003
19,100,98,0.98,0.73,1.4878739829558043,-0.005554426303044411,2,True,1.9600000000000017,3,92620003
20,100,5,0.05,0.56,-1.2162763954370224,-0.005554426303044411,95,True,4.75,3,92620003
21,100,50,0.5,0.68,-0.050493139925153585,-0.005554426303044411,50,True,25.0,3,92620003
22,100,88,0.88,0.65,1.0195448440720778,-0.005554426303044411,12,True,10.559999999999999,3,92620003
23,100,51,0.51,0.56,-0.07241165503667446,-0.005554426303044411,49,True,24.99,3,92620003
0,100,97,0.97,0.74,1.478055242582359,-0.11320386457207757,3,True,2.910000000000003,4,92620004
1,100,87,0.87,0.64,0.7768275396669876,-0.11320386457207757,13,True,11.31,4,92620004
2,100,64,0.64,0.68,0.18822349376317504,-0.11320386457207757,36,True,23.04,4,92620004
3,100,43,0.43,0.67,-0.08669598365053055,-0.11320386457207757,57,True,24.51,4,92620004
4,100,9,0.09,0.6,-0.8542746428105074,-0.11320386457207757,91,True,8.19,4,92620004
5,100,68,0.68,0.64,0.24787172261178192,-0.11320386457207757,32,True,21.759999999999998,4,92620004
6,100,33,0.33,0.64,-0.15143478124901755,-0.11320386457207757,67,True,22.11,4,92620004
7,100,61,0.61,0.61,0.26095365885657884,-0.11320386457207757,39,True,23.79,4,92620004
8,100,11,0.11,0.57,-0.8649101057470254,-0.11320386457207757,89,True,9.790000000000001,4,92620004
9,100,83,0.83,0.61,0.6999147483336401,-0.11320386457207757,17,True,14.110000000000003,4,92620004
10,100,17,0.17,0.57,-0.541403523232324,-0.11320386457207757,83,True,14.11,4,92620004
11,100,57,0.57,0.66,0.10481718779861993,-0.11320386457207757,43,True,24.509999999999998,4,92620004
12,100,5,0.05,0.59,-1.086122872696512,-0.11320386457207757,95,True,4.75,4,92620004
13,100,63,0.63,0.61,0.24574708734219364,-0.11320386457207757,37,True,23.31,4,92620004
14,100,56,0.56,0.64,0.09091957434850606,-0.11320386457207757,44,True,24.64,4,92620004
15,100,19,0.19,0.61,-0.6261996004522352,-0.11320386457207757,81,True,15.39,4,92620004
16,100,83,0.83,0.67,1.0470470987249314,-0.11320386457207757,17,True,14.110000000000003,4,92620004
17,100,20,0.2,0.61,-0.5090918235898698,-0.11320386457207757,80,True,16.0,4,92620004
18,100,93,0.93,0.67,0.8453234008359286,-0.11320386457207757,7,True,6.509999999999995,4,92620004
19,100,69,0.69,0.63,0.43052043787706573,-0.11320386457207757,31,True,21.390000000000004,4,92620004
20,100,28,0.28,0.63,-0.30256322585400675,-0.11320386457207757,72,True,20.16,4,92620004
21,100,4,0.04,0.58,-1.031184008867882,-0.11320386457207757,96,True,3.84,4,92620004
22,100,79,0.79,0.65,0.27563071732522637,-0.11320386457207757,21,True,16.589999999999996,4,92620004
23,100,13,0.13,0.65,-0.6379713419171136,-0.11320386457207757,87,True,11.31,4,92620004
0,100,8,0.08,0.55,-1.5685915850897683,0.03251452627122995,92,True,7.36,5,92620005
1,100,89,0.89,0.72,1.3849383912198459,0.03251452627122995,11,True,9.79,5,92620005
2,100,16,0.16,0.54,-1.2817462521764327,0.03251452627122995,84,True,13.44,5,92620005
3,100,79,0.79,0.61,0.9536806039899003,0.03251452627122995,21,True,16.589999999999996,5,92620005
4,100,12,0.12,0.51,-1.1142511181821444,0.03251452627122995,88,True,10.56,5,92620005
5,100,88,0.88,0.63,1.18133082114295,0.03251452627122995,12,True,10.559999999999999,5,92620005
6,100,13,0.13,0.63,-1.1639675874009736,0.03251452627122995,87,True,11.31,5,92620005
7,100,73,0.73,0.7,0.5494196849470416,0.03251452627122995,27,True,19.71,5,92620005
8,100,72,0.72,0.72,0.5143434899085122,0.03251452627122995,28,True,20.160000000000004,5,92620005
9,100,91,0.91,0.75,1.2499567972219445,0.03251452627122995,9,True,8.189999999999998,5,92620005
10,100,24,0.24,0.61,-0.8651329975343584,0.03251452627122995,76,True,18.240000000000002,5,92620005
11,100,82,0.82,0.67,1.3425176226838114,0.03251452627122995,18,True,14.760000000000003,5,92620005
12,100,15,0.15,0.55,-1.1104220214627407,0.03251452627122995,85,True,12.75,5,92620005
13,100,63,0.63,0.67,0.5075220011861497,0.03251452627122995,37,True,23.31,5,92620005
14,100,53,0.53,0.63,-0.024925365575420244,0.03251452627122995,47,True,24.91,5,92620005
15,100,30,0.3,0.58,-0.7809143733083362,0.03251452627122995,70,True,21.0,5,92620005
16,100,80,0.8,0.69,0.9396415726933097,0.03251452627122995,20,True,15.999999999999996,5,92620005
17,100,74,0.74,0.66,1.034973163949294,0.03251452627122995,26,True,19.240000000000002,5,92620005
18,100,18,0.18,0.61,-1.1979181489555923,0.03251452627122995,82,True,14.760000000000002,5,92620005
19,100,8,0.08,0.57,-1.4789042921187985,0.03251452627122995,92,True,7.36,5,92620005
20,100,40,0.4,0.64,-0.1646437528146656,0.03251452627122995,60,True,24.0,5,92620005
21,100,40,0.4,0.63,-0.36837693675573746,0.03251452627122995,60,True,24.0,5,92620005
22,100,54,0.54,0.7,0.22742601512430838,0.03251452627122995,46,True,24.839999999999996,5,92620005
23,100,86,0.86,0.75,1.234044267307878,0.03251452627122995,14,True,12.040000000000001,5,92620005
0,100,83,0.83,0.72,1.022589962444071,0.025504976457276854,17,True,14.110000000000003,6,92620006
1,100,17,0.17,0.61,-0.7966433040193638,0.025504976457276854,83,True,14.11,6,92620006
2,100,34,0.34,0.54,-0.42114238333074816,0.025504976457276854,66,True,22.439999999999998,6,92620006
3,100,11,0.11,0.59,-1.4900121177023973,0.025504976457276854,89,True,9.790000000000001,6,92620006
4,100,48,0.48,0.7,0.0038777060983061773,0.025504976457276854,52,True,24.96,6,92620006
5,100,90,0.9,0.79,1.1857704633685575,0.025504976457276854,10,True,8.999999999999998,6,92620006
6,100,46,0.46,0.58,-0.12080811439163774,0.025504976457276854,54,True,24.840000000000003,6,92620006
7,100,66,0.66,0.59,0.3896708535714861,0.025504976457276854,34,True,22.439999999999998,6,92620006
8,100,71,0.71,0.7,0.7281278564609027,0.025504976457276854,29,True,20.590000000000003,6,92620006
9,100,86,0.86,0.75,0.7845113591110559,0.025504976457276854,14,True,12.040000000000001,6,92620006
10,100,88,0.88,0.72,1.3751863287562855,0.025504976457276854,12,True,10.559999999999999,6,92620006
11,100,20,0.2,0.63,-0.8069583253574438,0.025504976457276854,80,True,16.0,6,92620006
12,100,22,0.22,0.7,-0.531858238853367,0.025504976457276854,78,True,17.16,6,92620006
13,100,11,0.11,0.56,-1.1298465919971417,0.025504976457276854,89,True,9.790000000000001,6,92620006
14,100,74,0.74,0.59,0.7664117572072994,0.025504976457276854,26,True,19.240000000000002,6,92620006
15,100,16,0.16,0.6,-1.0752610071633768,0.025504976457276854,84,True,13.44,6,92620006
16,100,16,0.16,0.65,-0.8122078273151168,0.025504976457276854,84,True,13.44,6,92620006
17,100,75,0.75,0.53,0.4758800322510712,0.025504976457276854,25,True,18.75,6,92620006
18,100,72,0.72,0.64,0.7372636083121319,0.025504976457276854,28,True,20.160000000000004,6,92620006
19,100,23,0.23,0.61,-0.5370480237169204,0.025504976457276854,77,True,17.71,6,92620006
20,100,68,0.68,0.74,0.37786196770667857,0.025504976457276854,32,True,21.759999999999998,6,92620006
21,100,40,0.4,0.73,-0.0900805768978099,0.025504976457276854,60,True,24.0,6,92620006
22,100,14,0.14,0.6,-1.398105700874268,0.025504976457276854,86,True,12.040000000000001,6,92620006
23,100,91,0.91,0.65,1.3628203163317423,0.025504976457276854,9,True,8.189999999999998,6,92620006
0,100,76,0.76,0.66,0.7039999693012237,-0.22814338033639184,24,True,18.24,7,92620007
1,100,38,0.38,0.62,-0.23460903313607062,-0.22814338033639184,62,True,23.56,7,92620007
2,100,88,0.88,0.66,1.0564611003945235,-0.22814338033639184,12,True,10.559999999999999,7,92620007
3,100,71,0.71,0.65,0.3660021530665851,-0.22814338033639184,29,True,20.590000000000003,7,92620007
4,100,89,0.89,0.73,1.3368163910137536,-0.22814338033639184,11,True,9.79,7,92620007
5,100,9,0.09,0.63,-1.4793509129701727,-0.22814338033639184,91,True,8.19,7,92620007
6,100,87,0.87,0.65,1.1662852348572628,-0.22814338033639184,13,True,11.31,7,92620007
7,100,12,0.12,0.59,-1.3270426658298395,-0.22814338033639184,88,True,10.56,7,92620007
8,100,57,0.57,0.57,0.3510866067124212,-0.22814338033639184,43,True,24.509999999999998,7,92620007
9,100,2,0.02,0.57,-1.4614025218016276,-0.22814338033639184,98,True,1.96,7,92620007
10,100,11,0.11,0.65,-1.064420201025241,-0.22814338033639184,89,True,9.790000000000001,7,92620007
11,100,58,0.58,0.69,0.12677173854178392,-0.22814338033639184,42,True,24.36,7,92620007
12,100,21,0.21,0.67,-0.8563728962570849,-0.22814338033639184,79,True,16.59,7,92620007
13,100,44,0.44,0.66,-0.15226783620459372,-0.22814338033639184,56,True,24.64,7,92620007
14,100,82,0.82,0.7,0.902704385697426,-0.22814338033639184,18,True,14.760000000000003,7,92620007
15,100,94,0.94,0.68,1.1871225943733936,-0.22814338033639184,6,True,5.640000000000005,7,92620007
16,100,24,0.24,0.54,-0.8349940927564089,-0.22814338033639184,76,True,18.240000000000002,7,92620007
17,100,83,0.83,0.68,0.7670701364821362,-0.22814338033639184,17,True,14.110000000000003,7,92620007
18,100,51,0.51,0.59,0.18686356770527013,-0.22814338033639184,49,True,24.99,7,92620007
19,100,83,0.83,0.64,0.8543556705714543,-0.22814338033639184,17,True,14.110000000000003,7,92620007
20,100,15,0.15,0.59,-0.9097320183589552,-0.22814338033639184,85,True,12.75,7,92620007
21,100,23,0.23,0.6,-0.9058043254351259,-0.22814338033639184,77,True,17.71,7,92620007
22,100,40,0.4,0.64,-0.30118967839788624,-0.22814338033639184,60,True,24.0,7,92620007
23,100,69,0.69,0.7,0.5216466334557701,-0.22814338033639184,31,True,21.390000000000004,7,92620007
0,100,95,0.95,0.77,0.9420169387610838,-0.20236472704900593,5,True,4.750000000000004,8,92620008
1,100,39,0.39,0.66,-0.351018064106265,-0.20236472704900593,61,True,23.79,8,92620008
2,100,6,0.06,0.57,-1.0866752352891726,-0.20236472704900593,94,True,5.64,8,92620008
3,100,85,0.85,0.7,0.9061358854833034,-0.20236472704900593,15,True,12.750000000000002,8,92620008
4,100,18,0.18,0.68,-0.7827229346174834,-0.20236472704900593,82,True,14.760000000000002,8,92620008
5,100,75,0.75,0.72,0.7106989209018283,-0.20236472704900593,25,True,18.75,8,92620008
6,100,19,0.19,0.62,-0.873200236570918,-0.20236472704900593,81,True,15.39,8,92620008
7,100,11,0.11,0.59,-1.212078616695507,-0.20236472704900593,89,True,9.790000000000001,8,92620008
8,100,85,0.85,0.75,0.8130958160918612,-0.20236472704900593,15,True,12.750000000000002,8,92620008
9,100,26,0.26,0.61,-0.41118178015657314,-0.20236472704900593,74,True,19.24,8,92620008
10,100,87,0.87,0.66,0.7937626534800105,-0.20236472704900593,13,True,11.31,8,92620008
11,100,89,0.89,0.71,1.0447472619420015,-0.20236472704900593,11,True,9.79,8,92620008
12,100,49,0.49,0.6,0.12475103755749295,-0.20236472704900593,51,True,24.990000000000002,8,92620008
13,100,10,0.1,0.48,-1.0597348916470697,-0.20236472704900593,90,True,9.0,8,92620008
14,100,81,0.81,0.61,0.6219226102485393,-0.20236472704900593,19,True,15.389999999999995,8,92620008
15,100,53,0.53,0.64,0.11207562052437581,-0.20236472704900593,47,True,24.91,8,92620008
16,100,54,0.54,0.55,0.1488689887541934,-0.20236472704900593,46,True,24.839999999999996,8,92620008
17,100,67,0.67,0.63,0.42709687346095393,-0.20236472704900593,33,True,22.109999999999996,8,92620008
18,100,18,0.18,0.62,-0.7141858848144409,-0.20236472704900593,82,True,14.760000000000002,8,92620008
19,100,4,0.04,0.56,-1.6025853608174605,-0.20236472704900593,96,True,3.84,8,92620008
20,100,85,0.85,0.65,0.9568605267562179,-0.20236472704900593,15,True,12.750000000000002,8,92620008
21,100,56,0.56,0.61,0.08275575047955108,-0.20236472704900593,44,True,24.64,8,92620008
22,100,78,0.78,0.66,0.8056682286263753,-0.20236472704900593,22,True,17.159999999999997,8,92620008
23,100,29,0.29,0.58,-0.39707410835290347,-0.20236472704900593,71,True,20.589999999999996,8,92620008
0,100,17,0.17,0.64,-0.7462007492476898,0.03916794789778897,83,True,14.11,9,92620009
1,100,18,0.18,0.62,-0.776021291577198,0.03916794789778897,82,True,14.760000000000002,9,92620009
2,100,26,0.26,0.57,-0.452100046540453,0.03916794789778897,74,True,19.24,9,92620009
3,100,23,0.23,0.48,-0.7170016252106121,0.03916794789778897,77,True,17.71,9,92620009
4,100,87,0.87,0.7,0.5691395797806571,0.03916794789778897,13,True,11.31,9,92620009
5,100,36,0.36,0.52,-0.2851456967832391,0.03916794789778897,64,True,23.04,9,92620009
6,100,35,0.35,0.66,-0.33155079367415574,0.03916794789778897,65,True,22.75,9,92620009
7,100,79,0.79,0.66,0.5856044117969592,0.03916794789778897,21,True,16.589999999999996,9,92620009
8,100,65,0.65,0.62,0.1855602426376528,0.03916794789778897,35,True,22.75,9,92620009
9,100,22,0.22,0.6,-0.7305920707172966,0.03916794789778897,78,True,17.16,9,92620009
10,100,95,0.95,0.66,1.6153898011973258,0.03916794789778897,5,True,4.750000000000004,9,92620009
11,100,9,0.09,0.61,-1.028468431844276,0.03916794789778897,91,True,8.19,9,92620009
12,100,16,0.16,0.62,-0.6136208095113123,0.03916794789778897,84,True,13.44,9,92620009
13,100,88,0.88,0.67,0.7545656577217682,0.03916794789778897,12,True,10.559999999999999,9,92620009
14,100,21,0.21,0.56,-0.45036957184378323,0.03916794789778897,79,True,16.59,9,92620009
15,100,66,0.66,0.73,0.5399352996415896,0.03916794789778897,34,True,22.439999999999998,9,92620009
16,100,11,0.11,0.57,-0.9851193552171634,0.03916794789778897,89,True,9.790000000000001,9,92620009
17,100,35,0.35,0.65,-0.4106302546282823,0.03916794789778897,65,True,22.75,9,92620009
18,100,90,0.9,0.61,1.0939970701624464,0.03916794789778897,10,True,8.999999999999998,9,92620009
19,100,10,0.1,0.57,-0.926806499594994,0.03916794789778897,90,True,9.0,9,92620009
20,100,43,0.43,0.56,-0.15102172096320388,0.03916794789778897,57,True,24.51,9,92620009
21,100,70,0.7,0.62,0.5324261119540967,0.03916794789778897,30,True,21.000000000000004,9,92620009
22,100,94,0.94,0.78,1.2293596205778936,0.03916794789778897,6,True,5.640000000000005,9,92620009
23,100,96,0.96,0.76,1.4986711218832658,0.03916794789778897,4,True,3.8400000000000034,9,92620009
0,100,23,0.23,0.55,-0.8293478490538729,0.18570343064922587,77,True,17.71,10,92620010
1,100,94,0.94,0.63,1.2050784405371129,0.18570343064922587,6,True,5.640000000000005,10,92620010
2,100,94,0.94,0.62,0.9762831455958451,0.18570343064922587,6,True,5.640000000000005,10,92620010
3,100,7,0.07,0.54,-1.1060386256554136,0.18570343064922587,93,True,6.510000000000001,10,92620010
4,100,58,0.58,0.68,0.1649335193411936,0.18570343064922587,42,True,24.36,10,92620010
5,100,68,0.68,0.73,0.18885083356695276,0.18570343064922587,32,True,21.759999999999998,10,92620010
6,100,65,0.65,0.61,0.3210013692762157,0.18570343064922587,35,True,22.75,10,92620010
7,100,89,0.89,0.72,0.8025886405728516,0.18570343064922587,11,True,9.79,10,92620010
8,100,7,0.07,0.52,-1.0881831033977143,0.18570343064922587,93,True,6.510000000000001,10,92620010
9,100,16,0.16,0.62,-0.6126362797884735,0.18570343064922587,84,True,13.44,10,92620010
10,100,83,0.83,0.73,0.793115348737251,0.18570343064922587,17,True,14.110000000000003,10,92620010
11,100,8,0.08,0.58,-1.0051305065909357,0.18570343064922587,92,True,7.36,10,92620010
12,100,53,0.53,0.62,0.031910724900194865,0.18570343064922587,47,True,24.91,10,92620010
13,100,10,0.1,0.6,-1.0904532204930764,0.18570343064922587,90,True,9.0,10,92620010
14,100,75,0.75,0.69,0.6085476193495722,0.18570343064922587,25,True,18.75,10,92620010
15,100,93,0.93,0.78,1.0048554905420293,0.18570343064922587,7,True,6.509999999999995,10,92620010
16,100,52,0.52,0.6,0.12868675093996806,0.18570343064922587,48,True,24.96,10,92620010
17,100,33,0.33,0.69,-0.35531521587663306,0.18570343064922587,67,True,22.11,10,92620010
18,100,56,0.56,0.66,0.1161450753240949,0.18570343064922587,44,True,24.64,10,92620010
19,100,56,0.56,0.64,0.2210161652483631,0.18570343064922587,44,True,24.64,10,92620010
20,100,61,0.61,0.7,0.0815420055269076,0.18570343064922587,39,True,23.79,10,92620010
21,100,89,0.89,0.61,0.651057044343828,0.18570343064922587,11,True,9.79,10,92620010
22,100,26,0.26,0.54,-0.46235416777524385,0.18570343064922587,74,True,19.24,10,92620010
23,100,14,0.14,0.58,-0.7461532051709696,0.18570343064922587,86,True,12.040000000000001,10,92620010
0,100,37,0.37,0.56,-0.41035400684280887,-0.06477319710415211,63,True,23.31,11,92620011
1,100,67,0.67,0.67,0.3806458530921688,-0.06477319710415211,33,True,22.109999999999996,11,92620011
2,100,37,0.37,0.61,-0.1888721101523103,-0.06477319710415211,63,True,23.31,11,92620011
3,100,30,0.3,0.59,-0.3333509277137523,-0.06477319710415211,70,True,21.0,11,92620011
4,100,74,0.74,0.63,0.546524687903231,-0.06477319710415211,26,True,19.240000000000002,11,92620011
5,100,28,0.28,0.59,-0.4601899258051958,-0.06477319710415211,72,True,20.16,11,92620011
6,100,79,0.79,0.6,0.5142499490966674,-0.06477319710415211,21,True,16.589999999999996,11,92620011
7,100,2,0.02,0.55,-1.6142467836679852,-0.06477319710415211,98,True,1.96,11,92620011
8,100,61,0.61,0.66,0.2548860006114335,-0.06477319710415211,39,True,23.79,11,92620011
9,100,80,0.8,0.64,0.47760108942634716,-0.06477319710415211,20,True,15.999999999999996,11,92620011
10,100,84,0.84,0.65,0.9012461838439272,-0.06477319710415211,16,True,13.440000000000003,11,92620011
11,100,0,0.0,0.55,-1.6124507550319687,-0.06477319710415211,100,False,0.0,11,92620011
12,100,13,0.13,0.6,-0.8072221054434792,-0.06477319710415211,87,True,11.31,11,92620011
13,100,92,0.92,0.57,1.2452069747658037,-0.06477319710415211,8,True,7.359999999999996,11,92620011
14,100,65,0.65,0.67,0.28819879185170727,-0.06477319710415211,35,True,22.75,11,92620011
15,100,54,0.54,0.62,0.04256768258498056,-0.06477319710415211,46,True,24.839999999999996,11,92620011
16,100,33,0.33,0.7,-0.40751186769427505,-0.06477319710415211,67,True,22.11,11,92620011
17,100,62,0.62,0.57,0.3020177095945744,-0.06477319710415211,38,True,23.56,11,92620011
18,100,3,0.03,0.58,-1.5214509398719773,-0.06477319710415211,97,True,2.91,11,92620011
19,100,95,0.95,0.65,1.371508337927818,-0.06477319710415211,5,True,4.750000000000004,11,92620011
20,100,75,0.75,0.72,0.45650949478635283,-0.06477319710415211,25,True,18.75,11,92620011
21,100,78,0.78,0.6,0.5347559349407192,-0.06477319710415211,22,True,17.159999999999997,11,92620011
22,100,94,0.94,0.66,1.1675888686141338,-0.06477319710415211,6,True,5.640000000000005,11,92620011
23,100,9,0.09,0.57,-1.1278581368161067,-0.06477319710415211,91,True,8.19,11,92620011
0,100,12,0.12,0.64,-0.9705726801865265,-0.047278346139217185,88,True,10.56,12,92620012
1,100,21,0.21,0.54,-0.596400485980757,-0.047278346139217185,79,True,16.59,12,92620012
2,100,11,0.11,0.6,-0.8787903805280308,-0.047278346139217185,89,True,9.790000000000001,12,92620012
3,100,42,0.42,0.57,-0.20062113310813956,-0.047278346139217185,58,True,24.360000000000003,12,92620012
4,100,12,0.12,0.55,-1.0405229259490145,-0.047278346139217185,88,True,10.56,12,92620012
5,100,9,0.09,0.56,-1.141237608641534,-0.047278346139217185,91,True,8.19,12,92620012
6,100,33,0.33,0.7,-0.4869644699315323,-0.047278346139217185,67,True,22.11,12,92620012
7,100,59,0.59,0.58,0.1352063674975188,-0.047278346139217185,41,True,24.19,12,92620012
8,100,53,0.53,0.58,0.14049439177889234,-0.047278346139217185,47,True,24.91,12,92620012
9,100,31,0.31,0.55,-0.6521000268036872,-0.047278346139217185,69,True,21.389999999999997,12,92620012
10,100,6,0.06,0.61,-1.2136274030850576,-0.047278346139217185,94,True,5.64,12,92620012
11,100,94,0.94,0.74,1.1513048456043862,-0.047278346139217185,6,True,5.640000000000005,12,92620012
12,100,90,0.9,0.6,1.2929921660720805,-0.047278346139217185,10,True,8.999999999999998,12,92620012
13,100,78,0.78,0.58,0.5035782328846814,-0.047278346139217185,22,True,17.159999999999997,12,92620012
14,100,84,0.84,0.63,0.5703203783932285,-0.047278346139217185,16,True,13.440000000000003,12,92620012
15,100,75,0.75,0.58,0.3647976104346551,-0.047278346139217185,25,True,18.75,12,92620012
16,100,64,0.64,0.6,0.35300604790725565,-0.047278346139217185,36,True,23.04,12,92620012
17,100,16,0.16,0.55,-1.0387252134091938,-0.047278346139217185,84,True,13.44,12,92620012
18,100,81,0.81,0.61,1.122869685116143,-0.047278346139217185,19,True,15.389999999999995,12,92620012
19,100,82,0.82,0.67,0.9756497802499721,-0.047278346139217185,18,True,14.760000000000003,12,92620012
20,100,79,0.79,0.58,0.6202784491579454,-0.047278346139217185,21,True,16.589999999999996,12,92620012
21,100,33,0.33,0.62,-0.34897174151618415,-0.047278346139217185,67,True,22.11,12,92620012
22,100,89,0.89,0.71,0.9823917223681065,-0.047278346139217185,11,True,9.79,12,92620012
23,100,73,0.73,0.59,0.3556443916747458,-0.047278346139217185,27,True,19.71,12,92620012
0,100,20,0.2,0.65,-0.7961431117779512,-0.060527849868470526,80,True,16.0,13,92620013
1,100,87,0.87,0.66,1.3360999136683172,-0.060527849868470526,13,True,11.31,13,92620013
2,100,11,0.11,0.61,-1.1705025602065557,-0.060527849868470526,89,True,9.790000000000001,13,92620013
3,100,22,0.22,0.56,-0.8801575776166501,-0.060527849868470526,78,True,17.16,13,92620013
4,100,18,0.18,0.6,-1.095412295329087,-0.060527849868470526,82,True,14.760000000000002,13,92620013
5,100,90,0.9,0.68,1.422399278359382,-0.060527849868470526,10,True,8.999999999999998,13,92620013
6,100,55,0.55,0.58,0.25996072112045,-0.060527849868470526,45,True,24.75,13,92620013
7,100,61,0.61,0.65,0.3031580565782086,-0.060527849868470526,39,True,23.79,13,92620013
8,100,82,0.82,0.58,1.0301181127448942,-0.060527849868470526,18,True,14.760000000000003,13,92620013
9,100,47,0.47,0.58,0.07557677617456804,-0.060527849868470526,53,True,24.91,13,92620013
10,100,87,0.87,0.73,1.1107626543852547,-0.060527849868470526,13,True,11.31,13,92620013
11,100,13,0.13,0.61,-1.0114739447133463,-0.060527849868470526,87,True,11.31,13,92620013
12,100,19,0.19,0.6,-1.3384771908522737,-0.060527849868470526,81,True,15.39,13,92620013
13,100,37,0.37,0.61,-0.23752373127639714,-0.060527849868470526,63,True,23.31,13,92620013
14,100,22,0.22,0.65,-0.6249462709032709,-0.060527849868470526,78,True,17.16,13,92620013
15,100,15,0.15,0.62,-0.9117446447845801,-0.060527849868470526,85,True,12.75,13,92620013
16,100,91,0.91,0.71,1.3263263401202607,-0.060527849868470526,9,True,8.189999999999998,13,92620013
17,100,77,0.77,0.67,0.759993722626996,-0.060527849868470526,23,True,17.709999999999997,13,92620013
18,100,92,0.92,0.71,1.4052734056609832,-0.060527849868470526,8,True,7.359999999999996,13,92620013
19,100,48,0.48,0.64,-0.10598618703931706,-0.060527849868470526,52,True,24.96,13,92620013
20,100,40,0.4,0.67,-0.4460684321271877,-0.060527849868470526,60,True,24.0,13,92620013
21,100,23,0.23,0.64,-0.5907836433338485,-0.060527849868470526,77,True,17.71,13,92620013
22,100,21,0.21,0.58,-0.9062799454059257,-0.060527849868470526,79,True,16.59,13,92620013
23,100,82,0.82,0.66,1.0858305539270638,-0.060527849868470526,18,True,14.760000000000003,13,92620013
0,100,86,0.86,0.71,1.1085961040898287,-0.06290841044763369,14,True,12.040000000000001,14,92620014
1,100,64,0.64,0.61,0.21532544702565914,-0.06290841044763369,36,True,23.04,14,92620014
2,100,30,0.3,0.58,-0.7122465328424442,-0.06290841044763369,70,True,21.0,14,92620014
3,100,8,0.08,0.54,-1.3164978271680052,-0.06290841044763369,92,True,7.36,14,92620014
4,100,16,0.16,0.63,-0.983106742728868,-0.06290841044763369,84,True,13.44,14,92620014
5,100,16,0.16,0.62,-1.1964719606993768,-0.06290841044763369,84,True,13.44,14,92620014
6,100,8,0.08,0.6,-1.275086784817164,-0.06290841044763369,92,True,7.36,14,92620014
7,100,28,0.28,0.59,-0.4223030571314812,-0.06290841044763369,72,True,20.16,14,92620014
8,100,36,0.36,0.64,-0.3767961366916186,-0.06290841044763369,64,True,23.04,14,92620014
9,100,94,0.94,0.69,1.6299323418816645,-0.06290841044763369,6,True,5.640000000000005,14,92620014
10,100,45,0.45,0.64,-0.17414078821126644,-0.06290841044763369,55,True,24.750000000000004,14,92620014
11,100,63,0.63,0.59,0.4029411325070651,-0.06290841044763369,37,True,23.31,14,92620014
12,100,55,0.55,0.6,0.12989463218583985,-0.06290841044763369,45,True,24.75,14,92620014
13,100,16,0.16,0.53,-1.2755395546663557,-0.06290841044763369,84,True,13.44,14,92620014
14,100,87,0.87,0.63,1.278020853465172,-0.06290841044763369,13,True,11.31,14,92620014
15,100,87,0.87,0.72,0.8259121195763851,-0.06290841044763369,13,True,11.31,14,92620014
16,100,11,0.11,0.52,-1.1573699072692563,-0.06290841044763369,89,True,9.790000000000001,14,92620014
17,100,74,0.74,0.64,0.686978582750518,-0.06290841044763369,26,True,19.240000000000002,14,92620014
18,100,76,0.76,0.65,0.7074253771707132,-0.06290841044763369,24,True,18.24,14,92620014
19,100,70,0.7,0.64,0.7208311014509441,-0.06290841044763369,30,True,21.000000000000004,14,92620014
20,100,90,0.9,0.72,1.2984053796440307,-0.06290841044763369,10,True,8.999999999999998,14,92620014
21,100,14,0.14,0.59,-1.3446102790689485,-0.06290841044763369,86,True,12.040000000000001,14,92620014
22,100,64,0.64,0.69,0.2788278936686641,-0.06290841044763369,36,True,23.04,14,92620014
23,100,83,0.83,0.68,0.9510786058783118,-0.06290841044763369,17,True,14.110000000000003,14,92620014
0,100,24,0.24,0.66,-0.3800646504699525,-0.12704110146188807,76,True,18.240000000000002,15,92620015
1,100,38,0.38,0.53,-0.25592054634494943,-0.12704110146188807,62,True,23.56,15,92620015
2,100,79,0.79,0.71,0.6165637251403808,-0.12704110146188807,21,True,16.589999999999996,15,92620015
3,100,33,0.33,0.56,-0.22336040369241417,-0.12704110146188807,67,True,22.11,15,92620015
4,100,7,0.07,0.58,-1.3352850896773578,-0.12704110146188807,93,True,6.510000000000001,15,92620015
5,100,31,0.31,0.59,-0.3339945911907627,-0.12704110146188807,69,True,21.389999999999997,15,92620015
6,100,7,0.07,0.6,-1.2448835513743912,-0.12704110146188807,93,True,6.510000000000001,15,92620015
7,100,4,0.04,0.54,-1.3533696460199598,-0.12704110146188807,96,True,3.84,15,92620015
8,100,87,0.87,0.73,1.122065760099261,-0.12704110146188807,13,True,11.31,15,92620015
9,100,21,0.21,0.59,-0.7027890243612037,-0.12704110146188807,79,True,16.59,15,92620015
10,100,89,0.89,0.59,1.074545267678456,-0.12704110146188807,11,True,9.79,15,92620015
11,100,20,0.2,0.55,-0.6285613794497227,-0.12704110146188807,80,True,16.0,15,92620015
12,100,97,0.97,0.65,1.495999494048732,-0.12704110146188807,3,True,2.910000000000003,15,92620015
13,100,78,0.78,0.63,0.4884032758705601,-0.12704110146188807,22,True,17.159999999999997,15,92620015
14,100,30,0.3,0.61,-0.47009988612754583,-0.12704110146188807,70,True,21.0,15,92620015
15,100,94,0.94,0.64,1.252748070260317,-0.12704110146188807,6,True,5.640000000000005,15,92620015
16,100,88,0.88,0.68,0.9277158926417696,-0.12704110146188807,12,True,10.559999999999999,15,92620015
17,100,48,0.48,0.67,0.13597008873224325,-0.12704110146188807,52,True,24.96,15,92620015
18,100,8,0.08,0.6,-1.2100260966117258,-0.12704110146188807,92,True,7.36,15,92620015
19,100,64,0.64,0.69,0.2704081857577929,-0.12704110146188807,36,True,23.04,15,92620015
20,100,41,0.41,0.72,-0.19340748850626355,-0.12704110146188807,59,True,24.190000000000005,15,92620015
21,100,87,0.87,0.66,0.919093307091682,-0.12704110146188807,13,True,11.31,15,92620015
22,100,69,0.69,0.78,0.35171124592552516,-0.12704110146188807,31,True,21.390000000000004,15,92620015
23,100,26,0.26,0.66,-0.32346195942047196,-0.12704110146188807,74,True,19.24,15,92620015
0,100,75,0.75,0.61,0.32336956132096617,-0.05092115791463396,25,True,18.75,16,92620016
1,100,8,0.08,0.61,-0.844875485767341,-0.05092115791463396,92,True,7.36,16,92620016
2,100,28,0.28,0.64,-0.5064364788699098,-0.05092115791463396,72,True,20.16,16,92620016
3,100,33,0.33,0.64,-0.011580696576261928,-0.05092115791463396,67,True,22.11,16,92620016
4,100,93,0.93,0.61,0.8817758412122387,-0.05092115791463396,7,True,6.509999999999995,16,92620016
5,100,21,0.21,0.63,-0.5221767826202317,-0.05092115791463396,79,True,16.59,16,92620016
6,100,92,0.92,0.68,1.2738414187282245,-0.05092115791463396,8,True,7.359999999999996,16,92620016
7,100,23,0.23,0.56,-0.4729924099464533,-0.05092115791463396,77,True,17.71,16,92620016
8,100,35,0.35,0.55,-0.3548175766208672,-0.05092115791463396,65,True,22.75,16,92620016
9,100,86,0.86,0.6,0.809102590491028,-0.05092115791463396,14,True,12.040000000000001,16,92620016
10,100,10,0.1,0.51,-0.6374600011130056,-0.05092115791463396,90,True,9.0,16,92620016
11,100,17,0.17,0.49,-0.7351473181004505,-0.05092115791463396,83,True,14.11,16,92620016
12,100,10,0.1,0.54,-1.043708264936475,-0.05092115791463396,90,True,9.0,16,92620016
13,100,73,0.73,0.68,0.3028704810345886,-0.05092115791463396,27,True,19.71,16,92620016
14,100,90,0.9,0.75,0.7626497768491928,-0.05092115791463396,10,True,8.999999999999998,16,92620016
15,100,86,0.86,0.63,0.575036706903914,-0.05092115791463396,14,True,12.040000000000001,16,92620016
16,100,34,0.34,0.65,-0.28636851557752685,-0.05092115791463396,66,True,22.439999999999998,16,92620016
17,100,82,0.82,0.68,0.6301556202413945,-0.05092115791463396,18,True,14.760000000000003,16,92620016
18,100,99,0.99,0.62,0.8732115441370764,-0.05092115791463396,1,True,0.9900000000000009,16,92620016
19,100,64,0.64,0.65,0.25094092566090076,-0.05092115791463396,36,True,23.04,16,92620016
20,100,19,0.19,0.58,-0.6681815318836577,-0.05092115791463396,81,True,15.39,16,92620016
21,100,50,0.5,0.69,-0.13319049684508322,-0.05092115791463396,50,True,25.0,16,92620016
22,100,56,0.56,0.6,-0.028398243374335053,-0.05092115791463396,44,True,24.64,16,92620016
23,100,29,0.29,0.64,-0.4376206643479108,-0.05092115791463396,71,True,20.589999999999996,16,92620016
0,100,96,0.96,0.64,1.0501632111606725,-0.060854155833495016,4,True,3.8400000000000034,17,92620017
1,100,79,0.79,0.64,0.5237532223782502,-0.060854155833495016,21,True,16.589999999999996,17,92620017
2,100,95,0.95,0.75,1.280072938513138,-0.060854155833495016,5,True,4.750000000000004,17,92620017
3,100,42,0.42,0.65,-0.15997467311063573,-0.060854155833495016,58,True,24.360000000000003,17,92620017
4,100,52,0.52,0.67,0.13884407141288158,-0.060854155833495016,48,True,24.96,17,92620017
5,100,38,0.38,0.71,-0.2453665822556701,-0.060854155833495016,62,True,23.56,17,92620017
6,100,6,0.06,0.59,-0.869245382081333,-0.060854155833495016,94,True,5.64,17,92620017
7,100,41,0.41,0.59,-0.19760002366956186,-0.060854155833495016,59,True,24.190000000000005,17,92620017
8,100,45,0.45,0.63,-0.0770676027942141,-0.060854155833495016,55,True,24.750000000000004,17,92620017
9,100,5,0.05,0.67,-1.1294429100715142,-0.060854155833495016,95,True,4.75,17,92620017
10,100,48,0.48,0.64,0.04754995867531342,-0.060854155833495016,52,True,24.96,17,92620017
11,100,80,0.8,0.69,0.5755986404939097,-0.060854155833495016,20,True,15.999999999999996,17,92620017
12,100,93,0.93,0.63,1.1069179504789233,-0.060854155833495016,7,True,6.509999999999995,17,92620017
13,100,96,0.96,0.74,1.2204717546179857,-0.060854155833495016,4,True,3.8400000000000034,17,92620017
14,100,35,0.35,0.59,-0.24551259632823452,-0.060854155833495016,65,True,22.75,17,92620017
15,100,41,0.41,0.6,-0.18930069863899845,-0.060854155833495016,59,True,24.190000000000005,17,92620017
16,100,83,0.83,0.67,0.7417435661799078,-0.060854155833495016,17,True,14.110000000000003,17,92620017
17,100,11,0.11,0.59,-1.006363829971047,-0.060854155833495016,89,True,9.790000000000001,17,92620017
18,100,1,0.01,0.56,-1.4814839487740432,-0.060854155833495016,99,True,0.99,17,92620017
19,100,42,0.42,0.64,-0.1477761186620583,-0.060854155833495016,58,True,24.360000000000003,17,92620017
20,100,19,0.19,0.64,-0.6832486759008418,-0.060854155833495016,81,True,15.39,17,92620017
21,100,14,0.14,0.53,-0.6308236870719632,-0.060854155833495016,86,True,12.040000000000001,17,92620017
22,100,64,0.64,0.66,0.211498005826547,-0.060854155833495016,36,True,23.04,17,92620017
23,100,64,0.64,0.66,0.1665934095925916,-0.060854155833495016,36,True,23.04,17,92620017
0,100,89,0.89,0.67,1.0784879590513476,0.018135745375625966,11,True,9.79,18,92620018
1,100,81,0.81,0.74,1.1268963813712851,0.018135745375625966,19,True,15.389999999999995,18,92620018
2,100,89,0.89,0.61,1.123758069558443,0.018135745375625966,11,True,9.79,18,92620018
3,100,65,0.65,0.7,0.7340636571805118,0.018135745375625966,35,True,22.75,18,92620018
4,100,93,0.93,0.6,1.2547086483975,0.018135745375625966,7,True,6.509999999999995,18,92620018
5,100,90,0.9,0.66,1.2763389377607712,0.018135745375625966,10,True,8.999999999999998,18,92620018
6,100,16,0.16,0.52,-1.1895428012345093,0.018135745375625966,84,True,13.44,18,92620018
7,100,28,0.28,0.59,-0.7384879469340914,0.018135745375625966,72,True,20.16,18,92620018
8,100,19,0.19,0.6,-0.9719767816708841,0.018135745375625966,81,True,15.39,18,92620018
9,100,35,0.35,0.6,-0.39847360225668993,0.018135745375625966,65,True,22.75,18,92620018
10,100,55,0.55,0.71,0.14949079043329583,0.018135745375625966,45,True,24.75,18,92620018
11,100,58,0.58,0.67,0.14288881263543018,0.018135745375625966,42,True,24.36,18,92620018
12,100,15,0.15,0.58,-1.0679632991347923,0.018135745375625966,85,True,12.75,18,92620018
13,100,9,0.09,0.51,-1.4909058986597827,0.018135745375625966,91,True,8.19,18,92620018
14,100,16,0.16,0.65,-0.8271976654612345,0.018135745375625966,84,True,13.44,18,92620018
15,100,59,0.59,0.63,0.24553942577155752,0.018135745375625966,41,True,24.19,18,92620018
16,100,52,0.52,0.64,0.06302761582231753,0.018135745375625966,48,True,24.96,18,92620018
17,100,65,0.65,0.71,0.407964407016042,0.018135745375625966,35,True,22.75,18,92620018
18,100,19,0.19,0.6,-0.879838296028426,0.018135745375625966,81,True,15.39,18,92620018
19,100,94,0.94,0.75,1.4071628655894874,0.018135745375625966,6,True,5.640000000000005,18,92620018
20,100,17,0.17,0.66,-0.8129514889233285,0.018135745375625966,83,True,14.11,18,92620018
21,100,66,0.66,0.67,0.4329685931986269,0.018135745375625966,34,True,22.439999999999998,18,92620018
22,100,10,0.1,0.53,-1.451583007478348,0.018135745375625966,90,True,9.0,18,92620018
23,100,73,0.73,0.67,0.3856246239954615,0.018135745375625966,27,True,19.71,18,92620018
0,100,72,0.72,0.65,0.4522747870039652,0.11648869017629701,28,True,20.160000000000004,19,92620019
1,100,4,0.04,0.56,-1.4211802239702502,0.11648869017629701,96,True,3.84,19,92620019
2,100,18,0.18,0.58,-0.7409569364091411,0.11648869017629701,82,True,14.760000000000002,19,92620019
3,100,76,0.76,0.63,0.45295639313129143,0.11648869017629701,24,True,18.24,19,92620019
4,100,70,0.7,0.65,0.5940320500473657,0.11648869017629701,30,True,21.000000000000004,19,92620019
5,100,32,0.32,0.6,-0.4243889046720639,0.11648869017629701,68,True,21.759999999999998,19,92620019
6,100,84,0.84,0.74,0.8534658977127537,0.11648869017629701,16,True,13.440000000000003,19,92620019
7,100,7,0.07,0.6,-1.1415213824349006,0.11648869017629701,93,True,6.510000000000001,19,92620019
8,100,21,0.21,0.66,-0.5196535209499711,0.11648869017629701,79,True,16.59,19,92620019
9,100,77,0.77,0.59,0.530245899465891,0.11648869017629701,23,True,17.709999999999997,19,92620019
10,100,82,0.82,0.64,0.6674732405957985,0.11648869017629701,18,True,14.760000000000003,19,92620019
11,100,2,0.02,0.52,-1.606524267540136,0.11648869017629701,98,True,1.96,19,92620019
12,100,15,0.15,0.64,-0.8272260025279614,0.11648869017629701,85,True,12.75,19,92620019
13,100,10,0.1,0.5,-0.906975387508277,0.11648869017629701,90,True,9.0,19,92620019
14,100,51,0.51,0.56,-0.07187120086081045,0.11648869017629701,49,True,24.99,19,92620019
15,100,57,0.57,0.6,0.25837879825168564,0.11648869017629701,43,True,24.509999999999998,19,92620019
16,100,89,0.89,0.69,0.9436920661478877,0.11648869017629701,11,True,9.79,19,92620019
17,100,90,0.9,0.71,0.9088938041446895,0.11648869017629701,10,True,8.999999999999998,19,92620019
18,100,44,0.44,0.63,-0.17549940872383551,0.11648869017629701,56,True,24.64,19,92620019
19,100,81,0.81,0.67,0.420411844292536,0.11648869017629701,19,True,15.389999999999995,19,92620019
20,100,56,0.56,0.67,0.0449155956268541,0.11648869017629701,44,True,24.64,19,92620019
21,100,82,0.82,0.67,0.6881718853438663,0.11648869017629701,18,True,14.760000000000003,19,92620019
22,100,62,0.62,0.62,0.16712998086591213,0.11648869017629701,38,True,23.56,19,92620019
23,100,80,0.8,0.64,0.8537549929668399,0.11648869017629701,20,True,15.999999999999996,19,92620019
0,100,50,0.5,0.62,0.1046420859469972,-0.11490364037315409,50,True,25.0,20,92620020
1,100,83,0.83,0.67,1.083400459758879,-0.11490364037315409,17,True,14.110000000000003,20,92620020
2,100,84,0.84,0.66,0.9784680455816909,-0.11490364037315409,16,True,13.440000000000003,20,92620020
3,100,31,0.31,0.64,-0.6116142943334957,-0.11490364037315409,69,True,21.389999999999997,20,92620020
4,100,77,0.77,0.62,0.4899609322511118,-0.11490364037315409,23,True,17.709999999999997,20,92620020
5,100,43,0.43,0.64,-0.35427859742977397,-0.11490364037315409,57,True,24.51,20,92620020
6,100,80,0.8,0.71,1.1798665056839361,-0.11490364037315409,20,True,15.999999999999996,20,92620020
7,100,21,0.21,0.65,-1.0539417525840324,-0.11490364037315409,79,True,16.59,20,92620020
8,100,65,0.65,0.59,0.3898216268313508,-0.11490364037315409,35,True,22.75,20,92620020
9,100,14,0.14,0.57,-0.7975045826658942,-0.11490364037315409,86,True,12.040000000000001,20,92620020
10,100,15,0.15,0.65,-1.0780799092015432,-0.11490364037315409,85,True,12.75,20,92620020
11,100,25,0.25,0.69,-0.6212846581683635,-0.11490364037315409,75,True,18.75,20,92620020
12,100,49,0.49,0.56,-0.22178001372519418,-0.11490364037315409,51,True,24.990000000000002,20,92620020
13,100,77,0.77,0.73,0.7397365790116908,-0.11490364037315409,23,True,17.709999999999997,20,92620020
14,100,53,0.53,0.65,0.010404733170743086,-0.11490364037315409,47,True,24.91,20,92620020
15,100,91,0.91,0.68,0.9771636984389803,-0.11490364037315409,9,True,8.189999999999998,20,92620020
16,100,14,0.14,0.6,-1.092528502238304,-0.11490364037315409,86,True,12.040000000000001,20,92620020
17,100,37,0.37,0.54,-0.2182660323373824,-0.11490364037315409,63,True,23.31,20,92620020
18,100,17,0.17,0.62,-1.0798930371600566,-0.11490364037315409,83,True,14.11,20,92620020
19,100,78,0.78,0.68,0.6765135930110676,-0.11490364037315409,22,True,17.159999999999997,20,92620020
20,100,12,0.12,0.61,-1.1416279614107658,-0.11490364037315409,88,True,10.56,20,92620020
21,100,92,0.92,0.61,1.3659757589285402,-0.11490364037315409,8,True,7.359999999999996,20,92620020
22,100,11,0.11,0.55,-1.0274412419655992,-0.11490364037315409,89,True,9.790000000000001,20,92620020
23,100,86,0.86,0.7,1.3022865646054171,-0.11490364037315409,14,True,12.040000000000001,20,92620020
0,100,74,0.74,0.65,0.7205246866674048,0.03224425259760741,26,True,19.240000000000002,21,92620021
1,100,41,0.41,0.56,-0.0776787909487684,0.03224425259760741,59,True,24.190000000000005,21,92620021
2,100,95,0.95,0.7,1.2341318806991186,0.03224425259760741,5,True,4.750000000000004,21,92620021
3,100,93,0.93,0.72,1.2277105376326798,0.03224425259760741,7,True,6.509999999999995,21,92620021
4,100,86,0.86,0.64,0.6592993663064687,0.03224425259760741,14,True,12.040000000000001,21,92620021
5,100,36,0.36,0.54,-0.27257558540876836,0.03224425259760741,64,True,23.04,21,92620021
6,100,81,0.81,0.68,0.3890317862113388,0.03224425259760741,19,True,15.389999999999995,21,92620021
7,100,57,0.57,0.61,0.07434678131295769,0.03224425259760741,43,True,24.509999999999998,21,92620021
8,100,70,0.7,0.7,0.2804947710586774,0.03224425259760741,30,True,21.000000000000004,21,92620021
9,100,68,0.68,0.55,0.31970904467151406,0.03224425259760741,32,True,21.759999999999998,21,92620021
10,100,42,0.42,0.59,0.035086246483309935,0.03224425259760741,58,True,24.360000000000003,21,92620021
11,100,14,0.14,0.58,-0.7408817008415073,0.03224425259760741,86,True,12.040000000000001,21,92620021
12,100,48,0.48,0.63,-0.1313826426641178,0.03224425259760741,52,True,24.96,21,92620021
13,100,63,0.63,0.65,0.12777140195871972,0.03224425259760741,37,True,23.31,21,92620021
14,100,12,0.12,0.58,-0.9158143465330807,0.03224425259760741,88,True,10.56,21,92620021
15,100,4,0.04,0.55,-1.3565158393656735,0.03224425259760741,96,True,3.84,21,92620021
16,100,88,0.88,0.64,0.8204168550542531,0.03224425259760741,12,True,10.559999999999999,21,92620021
17,100,69,0.69,0.64,0.38432376853546124,0.03224425259760741,31,True,21.390000000000004,21,92620021
18,100,6,0.06,0.59,-1.1359459167683532,0.03224425259760741,94,True,5.64,21,92620021
19,100,37,0.37,0.67,-0.0710765761760026,0.03224425259760741,63,True,23.31,21,92620021
20,100,88,0.88,0.77,0.739782697854393,0.03224425259760741,12,True,10.559999999999999,21,92620021
21,100,3,0.03,0.56,-1.3570740482791663,0.03224425259760741,97,True,2.91,21,92620021
22,100,18,0.18,0.49,-0.5953920367288195,0.03224425259760741,82,True,14.760000000000002,21,92620021
23,100,26,0.26,0.62,-0.3582923407320866,0.03224425259760741,74,True,19.24,21,92620021
0,100,88,0.88,0.62,1.3374618714837343,-0.06716349439968348,12,True,10.559999999999999,22,92620022
1,100,27,0.27,0.63,-0.5256774788827627,-0.06716349439968348,73,True,19.71,22,92620022
2,100,13,0.13,0.55,-1.0589116156559353,-0.06716349439968348,87,True,11.31,22,92620022
3,100,44,0.44,0.53,-0.04180606979946866,-0.06716349439968348,56,True,24.64,22,92620022
4,100,55,0.55,0.66,0.1991827230754648,-0.06716349439968348,45,True,24.75,22,92620022
5,100,13,0.13,0.58,-0.9330419470167629,-0.06716349439968348,87,True,11.31,22,92620022
6,100,56,0.56,0.64,0.14079985964117725,-0.06716349439968348,44,True,24.64,22,92620022
7,100,82,0.82,0.63,0.7315263396634836,-0.06716349439968348,18,True,14.760000000000003,22,92620022
8,100,95,0.95,0.71,1.2078615217164508,-0.06716349439968348,5,True,4.750000000000004,22,92620022
9,100,95,0.95,0.7,1.4999422202531856,-0.06716349439968348,5,True,4.750000000000004,22,92620022
10,100,14,0.14,0.67,-1.1362040429926612,-0.06716349439968348,86,True,12.040000000000001,22,92620022
11,100,89,0.89,0.77,0.7999543628643994,-0.06716349439968348,11,True,9.79,22,92620022
12,100,11,0.11,0.55,-1.1455282598429353,-0.06716349439968348,89,True,9.790000000000001,22,92620022
13,100,95,0.95,0.67,1.5861299112893104,-0.06716349439968348,5,True,4.750000000000004,22,92620022
14,100,35,0.35,0.63,-0.31720831993056287,-0.06716349439968348,65,True,22.75,22,92620022
15,100,34,0.34,0.61,-0.3905859370940661,-0.06716349439968348,66,True,22.439999999999998,22,92620022
16,100,19,0.19,0.7,-0.8192806586479958,-0.06716349439968348,81,True,15.39,22,92620022
17,100,25,0.25,0.61,-0.35326861352575456,-0.06716349439968348,75,True,18.75,22,92620022
18,100,42,0.42,0.63,-0.015115790032469434,-0.06716349439968348,58,True,24.360000000000003,22,92620022
19,100,15,0.15,0.58,-0.947348164892599,-0.06716349439968348,85,True,12.75,22,92620022
20,100,28,0.28,0.5,-0.5276577271602179,-0.06716349439968348,72,True,20.16,22,92620022
21,100,10,0.1,0.55,-1.2522102739797347,-0.06716349439968348,90,True,9.0,22,92620022
22,100,59,0.59,0.64,0.24855989006525903,-0.06716349439968348,41,True,24.19,22,92620022
23,100,93,0.93,0.71,1.7124261994014898,-0.06716349439968348,7,True,6.509999999999995,22,92620022
0,100,81,0.81,0.65,0.586714756313361,0.10437483490643432,19,True,15.389999999999995,23,92620023
1,100,28,0.28,0.68,-0.32036700760917647,0.10437483490643432,72,True,20.16,23,92620023
2,100,81,0.81,0.62,0.7408644674355003,0.10437483490643432,19,True,15.389999999999995,23,92620023
3,100,6,0.06,0.54,-1.3934893689004577,0.10437483490643432,94,True,5.64,23,92620023
4,100,71,0.71,0.7,0.5240001882294631,0.10437483490643432,29,True,20.590000000000003,23,92620023
5,100,18,0.18,0.59,-0.873538806433384,0.10437483490643432,82,True,14.760000000000002,23,92620023
6,100,82,0.82,0.69,0.9438563200767066,0.10437483490643432,18,True,14.760000000000003,23,92620023
7,100,20,0.2,0.54,-0.8931404277865821,0.10437483490643432,80,True,16.0,23,92620023
8,100,60,0.6,0.57,0.10783870202336665,0.10437483490643432,40,True,24.0,23,92620023
9,100,52,0.52,0.63,0.23595072245968396,0.10437483490643432,48,True,24.96,23,92620023
10,100,61,0.61,0.69,0.3401072573867978,0.10437483490643432,39,True,23.79,23,92620023
11,100,88,0.88,0.78,1.4463789446918265,0.10437483490643432,12,True,10.559999999999999,23,92620023
12,100,38,0.38,0.51,-0.3126303718381447,0.10437483490643432,62,True,23.56,23,92620023
13,100,10,0.1,0.59,-1.2774614093411678,0.10437483490643432,90,True,9.0,23,92620023
14,100,82,0.82,0.63,0.8246004545090102,0.10437483490643432,18,True,14.760000000000003,23,92620023
15,100,14,0.14,0.58,-1.1944816371786722,0.10437483490643432,86,True,12.040000000000001,23,92620023
16,100,88,0.88,0.73,0.784077384886011,0.10437483490643432,12,True,10.559999999999999,23,92620023
17,100,11,0.11,0.63,-1.1994216065002234,0.10437483490643432,89,True,9.790000000000001,23,92620023
18,100,40,0.4,0.58,-0.38597293181233816,0.10437483490643432,60,True,24.0,23,92620023
19,100,7,0.07,0.54,-1.1453538066630546,0.10437483490643432,93,True,6.510000000000001,23,92620023
20,100,90,0.9,0.65,1.479702080537228,0.10437483490643432,10,True,8.999999999999998,23,92620023
21,100,90,0.9,0.62,1.2921205528864181,0.10437483490643432,10,True,8.999999999999998,23,92620023
22,100,32,0.32,0.59,-0.3717990830613118,0.10437483490643432,68,True,21.759999999999998,23,92620023
23,100,60,0.6,0.66,0.06144462568915898,0.10437483490643432,40,True,24.0,23,92620023
0,100,22,0.22,0.53,-0.6074104239673392,0.035894523330097974,78,True,17.16,24,92620024
1,100,78,0.78,0.69,0.7458855472646545,0.035894523330097974,22,True,17.159999999999997,24,92620024
2,100,63,0.63,0.67,0.2675140463153092,0.035894523330097974,37,True,23.31,24,92620024
3,100,17,0.17,0.57,-0.768992923941214,0.035894523330097974,83,True,14.11,24,92620024
4,100,12,0.12,0.53,-0.8950339306822137,0.035894523330097974,88,True,10.56,24,92620024
5,100,86,0.86,0.62,0.8130459898752934,0.035894523330097974,14,True,12.040000000000001,24,92620024
6,100,97,0.97,0.69,1.3335411840320592,0.035894523330097974,3,True,2.910000000000003,24,92620024
7,100,95,0.95,0.68,1.3162726188209461,0.035894523330097974,5,True,4.750000000000004,24,92620024
8,100,30,0.3,0.63,-0.7598242407863154,0.035894523330097974,70,True,21.0,24,92620024
9,100,74,0.74,0.72,0.43657363010717987,0.035894523330097974,26,True,19.240000000000002,24,92620024
10,100,90,0.9,0.73,0.8043896063838415,0.035894523330097974,10,True,8.999999999999998,24,92620024
11,100,90,0.9,0.61,0.8752136042645695,0.035894523330097974,10,True,8.999999999999998,24,92620024
12,100,5,0.05,0.56,-1.2214066473762273,0.035894523330097974,95,True,4.75,24,92620024
13,100,23,0.23,0.56,-0.8212493363260959,0.035894523330097974,77,True,17.71,24,92620024
14,100,30,0.3,0.71,-0.42335458361911726,0.035894523330097974,70,True,21.0,24,92620024
15,100,57,0.57,0.64,0.10801954924940205,0.035894523330097974,43,True,24.509999999999998,24,92620024
16,100,39,0.39,0.63,-0.1912649708278611,0.035894523330097974,61,True,23.79,24,92620024
17,100,20,0.2,0.63,-0.9202641294639181,0.035894523330097974,80,True,16.0,24,92620024
18,100,90,0.9,0.69,1.2571726483821184,0.035894523330097974,10,True,8.999999999999998,24,92620024
19,100,13,0.13,0.67,-0.8490754014640257,0.035894523330097974,87,True,11.31,24,92620024
20,100,54,0.54,0.65,-0.0900134962760255,0.035894523330097974,46,True,24.839999999999996,24,92620024
21,100,30,0.3,0.7,-0.37643777342185203,0.035894523330097974,70,True,21.0,24,92620024
22,100,28,0.28,0.65,-0.3938097700913801,0.035894523330097974,72,True,20.16,24,92620024
23,100,65,0.65,0.64,0.3605092035481796,0.035894523330097974,35,True,22.75,24,92620024
0,100,5,0.05,0.62,-1.0959108252438075,0.1424930389313778,95,True,4.75,25,92620025
1,100,27,0.27,0.64,-0.7251406743064663,0.1424930389313778,73,True,19.71,25,92620025
2,100,77,0.77,0.67,0.51920721552038,0.1424930389313778,23,True,17.709999999999997,25,92620025
3,100,11,0.11,0.59,-1.033249126590686,0.1424930389313778,89,True,9.790000000000001,25,92620025
4,100,8,0.08,0.55,-1.3911278787294317,0.1424930389313778,92,True,7.36,25,92620025
5,100,68,0.68,0.59,0.3202625127983456,0.1424930389313778,32,True,21.759999999999998,25,92620025
6,100,96,0.96,0.78,1.452790673591284,0.1424930389313778,4,True,3.8400000000000034,25,92620025
7,100,60,0.6,0.61,0.14145034712636928,0.1424930389313778,40,True,24.0,25,92620025
8,100,7,0.07,0.67,-1.3793403102180866,0.1424930389313778,93,True,6.510000000000001,25,92620025
9,100,66,0.66,0.51,0.4039859566979853,0.1424930389313778,34,True,22.439999999999998,25,92620025
10,100,15,0.15,0.52,-0.8437536794599668,0.1424930389313778,85,True,12.75,25,92620025
11,100,58,0.58,0.7,0.2395418158727889,0.1424930389313778,42,True,24.36,25,92620025
12,100,80,0.8,0.67,0.6661197016252148,0.1424930389313778,20,True,15.999999999999996,25,92620025
13,100,42,0.42,0.65,-0.14012393350162178,0.1424930389313778,58,True,24.360000000000003,25,92620025
14,100,33,0.33,0.56,-0.3263398373539772,0.1424930389313778,67,True,22.11,25,92620025
15,100,48,0.48,0.71,0.11727640953086649,0.1424930389313778,52,True,24.96,25,92620025
16,100,88,0.88,0.63,0.9465188695871037,0.1424930389313778,12,True,10.559999999999999,25,92620025
17,100,6,0.06,0.66,-1.3686751979615561,0.1424930389313778,94,True,5.64,25,92620025
18,100,56,0.56,0.63,-0.05130439461604119,0.1424930389313778,44,True,24.64,25,92620025
19,100,49,0.49,0.6,0.17314526719018808,0.1424930389313778,51,True,24.990000000000002,25,92620025
20,100,95,0.95,0.73,1.5061440786391334,0.1424930389313778,5,True,4.750000000000004,25,92620025
21,100,52,0.52,0.6,0.25966823064570477,0.1424930389313778,48,True,24.96,25,92620025
22,100,93,0.93,0.63,1.4704199372621094,0.1424930389313778,7,True,6.509999999999995,25,92620025
23,100,68,0.68,0.57,0.13843484189415456,0.1424930389313778,32,True,21.759999999999998,25,92620025
0,100,87,0.87,0.74,0.8808236668388912,0.048980770425527176,13,True,11.31,26,92620026
1,100,18,0.18,0.51,-0.7427400917930013,0.048980770425527176,82,True,14.760000000000002,26,92620026
2,100,37,0.37,0.64,-0.2681702999452238,0.048980770425527176,63,True,23.31,26,92620026
3,100,77,0.77,0.65,0.4747730839927815,0.048980770425527176,23,True,17.709999999999997,26,92620026
4,100,93,0.93,0.65,1.3369824137363278,0.048980770425527176,7,True,6.509999999999995,26,92620026
5,100,84,0.84,0.63,0.7161141564093524,0.048980770425527176,16,True,13.440000000000003,26,92620026
6,100,16,0.16,0.58,-1.0155036249188072,0.048980770425527176,84,True,13.44,26,92620026
7,100,55,0.55,0.68,0.010515928315594891,0.048980770425527176,45,True,24.75,26,92620026
8,100,12,0.12,0.63,-0.875886250327392,0.048980770425527176,88,True,10.56,26,92620026
9,100,83,0.83,0.64,1.1440537758895015,0.048980770425527176,17,True,14.110000000000003,26,92620026
10,100,88,0.88,0.64,0.8753750442976712,0.048980770425527176,12,True,10.559999999999999,26,92620026
11,100,79,0.79,0.67,0.7662398765605741,0.048980770425527176,21,True,16.589999999999996,26,92620026
12,100,57,0.57,0.65,-0.04114143729703201,0.048980770425527176,43,True,24.509999999999998,26,92620026
13,100,16,0.16,0.56,-0.7526265645003143,0.048980770425527176,84,True,13.44,26,92620026
14,100,38,0.38,0.55,-0.099922310226777,0.048980770425527176,62,True,23.56,26,92620026
15,100,67,0.67,0.68,0.6781061224202799,0.048980770425527176,33,True,22.109999999999996,26,92620026
16,100,7,0.07,0.53,-1.4567570498272868,0.048980770425527176,93,True,6.510000000000001,26,92620026
17,100,35,0.35,0.62,-0.3555934573034989,0.048980770425527176,65,True,22.75,26,92620026
18,100,8,0.08,0.65,-1.2705327007576788,0.048980770425527176,92,True,7.36,26,92620026
19,100,51,0.51,0.68,0.02980136190375937,0.048980770425527176,49,True,24.99,26,92620026
20,100,39,0.39,0.54,-0.37537976144331076,0.048980770425527176,61,True,23.79,26,92620026
21,100,4,0.04,0.63,-1.3658004685979162,0.048980770425527176,96,True,3.84,26,92620026
22,100,67,0.67,0.66,0.43861032194195637,0.048980770425527176,33,True,22.109999999999996,26,92620026
23,100,91,0.91,0.63,1.2686582646315419,0.048980770425527176,9,True,8.189999999999998,26,92620026
0,100,3,0.03,0.62,-1.592669226437348,-0.06732107654074204,97,True,2.91,27,92620027
1,100,16,0.16,0.55,-0.9911751684527914,-0.06732107654074204,84,True,13.44,27,92620027
2,100,42,0.42,0.67,-0.18794896278651585,-0.06732107654074204,58,True,24.360000000000003,27,92620027
3,100,75,0.75,0.68,0.7467548532397342,-0.06732107654074204,25,True,18.75,27,92620027
4,100,82,0.82,0.74,0.6550140703418208,-0.06732107654074204,18,True,14.760000000000003,27,92620027
5,100,12,0.12,0.6,-1.0027750350092965,-0.06732107654074204,88,True,10.56,27,92620027
6,100,16,0.16,0.56,-1.1762407440175124,-0.06732107654074204,84,True,13.44,27,92620027
7,100,38,0.38,0.67,-0.3883987092557337,-0.06732107654074204,62,True,23.56,27,92620027
8,100,88,0.88,0.66,1.1156780630877101,-0.06732107654074204,12,True,10.559999999999999,27,92620027
9,100,58,0.58,0.6,0.450757387001655,-0.06732107654074204,42,True,24.36,27,92620027
10,100,63,0.63,0.64,0.2153273781983014,-0.06732107654074204,37,True,23.31,27,92620027
11,100,67,0.67,0.62,0.474927113326606,-0.06732107654074204,33,True,22.109999999999996,27,92620027
12,100,91,0.91,0.68,1.2283564483269487,-0.06732107654074204,9,True,8.189999999999998,27,92620027
13,100,81,0.81,0.68,0.7252120324876029,-0.06732107654074204,19,True,15.389999999999995,27,92620027
14,100,17,0.17,0.57,-1.1971316973758253,-0.06732107654074204,83,True,14.11,27,92620027
15,100,9,0.09,0.58,-1.2075388629779553,-0.06732107654074204,91,True,8.19,27,92620027
16,100,86,0.86,0.6,0.9713207066513706,-0.06732107654074204,14,True,12.040000000000001,27,92620027
17,100,63,0.63,0.66,0.4695367033021167,-0.06732107654074204,37,True,23.31,27,92620027
18,100,80,0.8,0.69,0.9462139983562833,-0.06732107654074204,20,True,15.999999999999996,27,92620027
19,100,88,0.88,0.69,1.3927058950479552,-0.06732107654074204,12,True,10.559999999999999,27,92620027
20,100,23,0.23,0.61,-0.7520013969159064,-0.06732107654074204,77,True,17.71,27,92620027
21,100,13,0.13,0.51,-1.2160709972634844,-0.06732107654074204,87,True,11.31,27,92620027
22,100,23,0.23,0.46,-0.6156319322382426,-0.06732107654074204,77,True,17.71,27,92620027
23,100,87,0.87,0.68,0.9357780833625142,-0.06732107654074204,13,True,11.31,27,92620027
0,100,86,0.86,0.72,1.355454314484545,-0.04572750809456297,14,True,12.040000000000001,28,92620028
1,100,89,0.89,0.69,1.1293540151622175,-0.04572750809456297,11,True,9.79,28,92620028
2,100,9,0.09,0.54,-1.242888107453913,-0.04572750809456297,91,True,8.19,28,92620028
3,100,81,0.81,0.63,0.911818902517247,-0.04572750809456297,19,True,15.389999999999995,28,92620028
4,100,13,0.13,0.64,-1.094141814340631,-0.04572750809456297,87,True,11.31,28,92620028
5,100,64,0.64,0.63,0.20509778000816326,-0.04572750809456297,36,True,23.04,28,92620028
6,100,58,0.58,0.7,0.08809122826279392,-0.04572750809456297,42,True,24.36,28,92620028
7,100,78,0.78,0.74,0.6475730100104933,-0.04572750809456297,22,True,17.159999999999997,28,92620028
8,100,84,0.84,0.55,0.6928040005910141,-0.04572750809456297,16,True,13.440000000000003,28,92620028
9,100,13,0.13,0.57,-1.3096882281573468,-0.04572750809456297,87,True,11.31,28,92620028
10,100,91,0.91,0.6,1.1247428074331545,-0.04572750809456297,9,True,8.189999999999998,28,92620028
11,100,15,0.15,0.66,-0.8230427936832712,-0.04572750809456297,85,True,12.75,28,92620028
12,100,45,0.45,0.67,-0.11076920313875327,-0.04572750809456297,55,True,24.750000000000004,28,92620028
13,100,87,0.87,0.66,1.1686598234160517,-0.04572750809456297,13,True,11.31,28,92620028
14,100,33,0.33,0.64,-0.4597611059345095,-0.04572750809456297,67,True,22.11,28,92620028
15,100,16,0.16,0.6,-0.8151043488593556,-0.04572750809456297,84,True,13.44,28,92620028
16,100,7,0.07,0.62,-1.387920222483828,-0.04572750809456297,93,True,6.510000000000001,28,92620028
17,100,8,0.08,0.63,-1.4352993000761973,-0.04572750809456297,92,True,7.36,28,92620028
18,100,91,0.91,0.71,1.1770513172459154,-0.04572750809456297,9,True,8.189999999999998,28,92620028
19,100,46,0.46,0.62,-0.3221860028149166,-0.04572750809456297,54,True,24.840000000000003,28,92620028
20,100,39,0.39,0.66,-0.3982916551341269,-0.04572750809456297,61,True,23.79,28,92620028
21,100,87,0.87,0.72,0.9011639277128083,-0.04572750809456297,13,True,11.31,28,92620028
22,100,16,0.16,0.54,-0.6387850495285932,-0.04572750809456297,84,True,13.44,28,92620028
23,100,73,0.73,0.64,0.63606670476101,-0.04572750809456297,27,True,19.71,28,92620028
0,100,86,0.86,0.69,1.186735053667265,0.2016105073913361,14,True,12.040000000000001,29,92620029
1,100,85,0.85,0.68,1.0269784342748043,0.2016105073913361,15,True,12.750000000000002,29,92620029
2,100,9,0.09,0.64,-1.1719741965678718,0.2016105073913361,91,True,8.19,29,92620029
3,100,83,0.83,0.69,0.8214851441023825,0.2016105073913361,17,True,14.110000000000003,29,92620029
4,100,36,0.36,0.62,-0.2985381609005966,0.2016105073913361,64,True,23.04,29,92620029
5,100,44,0.44,0.63,-0.09792139993592208,0.2016105073913361,56,True,24.64,29,92620029
6,100,78,0.78,0.66,0.5151245604777053,0.2016105073913361,22,True,17.159999999999997,29,92620029
7,100,44,0.44,0.71,-0.15350506832271726,0.2016105073913361,56,True,24.64,29,92620029
8,100,29,0.29,0.62,-0.30902286053785843,0.2016105073913361,71,True,20.589999999999996,29,92620029
9,100,51,0.51,0.59,0.08020669531576985,0.2016105073913361,49,True,24.99,29,92620029
10,100,39,0.39,0.55,-0.16090810370152653,0.2016105073913361,61,True,23.79,29,92620029
11,100,7,0.07,0.58,-1.3260253291950352,0.2016105073913361,93,True,6.510000000000001,29,92620029
12,100,95,0.95,0.73,1.3463380701810035,0.2016105073913361,5,True,4.750000000000004,29,92620029
13,100,24,0.24,0.61,-0.47675142326631104,0.2016105073913361,76,True,18.240000000000002,29,92620029
14,100,93,0.93,0.74,1.2554849952148341,0.2016105073913361,7,True,6.509999999999995,29,92620029
15,100,8,0.08,0.61,-1.139426274900508,0.2016105073913361,92,True,7.36,29,92620029
16,100,91,0.91,0.74,1.338688131866773,0.2016105073913361,9,True,8.189999999999998,29,92620029
17,100,68,0.68,0.59,0.3049271100158055,0.2016105073913361,32,True,21.759999999999998,29,92620029
18,100,69,0.69,0.69,0.4812361491098365,0.2016105073913361,31,True,21.390000000000004,29,92620029
19,100,40,0.4,0.68,-0.3627930509310584,0.2016105073913361,60,True,24.0,29,92620029
20,100,7,0.07,0.57,-1.2451483707687991,0.2016105073913361,93,True,6.510000000000001,29,92620029
21,100,38,0.38,0.55,-0.15389939928159357,0.2016105073913361,62,True,23.56,29,92620029
22,100,32,0.32,0.63,-0.37231131492599623,0.2016105073913361,68,True,21.759999999999998,29,92620029
23,100,10,0.1,0.6,-1.0889793909904082,0.2016105073913361,90,True,9.0,29,92620029
0,100,30,0.3,0.62,-0.4304925688154686,-0.03074447945555665,70,True,21.0,30,92620030
1,100,60,0.6,0.7,0.18691275492539638,-0.03074447945555665,40,True,24.0,30,92620030
2,100,31,0.31,0.73,-0.3588708289852125,-0.03074447945555665,69,True,21.389999999999997,30,92620030
3,100,88,0.88,0.74,1.0236346177537552,-0.03074447945555665,12,True,10.559999999999999,30,92620030
4,100,90,0.9,0.72,1.0132774184544537,-0.03074447945555665,10,True,8.999999999999998,30,92620030
5,100,94,0.94,0.69,1.5937833401854926,-0.03074447945555665,6,True,5.640000000000005,30,92620030
6,100,71,0.71,0.63,0.4369666484160373,-0.03074447945555665,29,True,20.590000000000003,30,92620030
7,100,14,0.14,0.48,-0.9150313549459471,-0.03074447945555665,86,True,12.040000000000001,30,92620030
8,100,14,0.14,0.56,-0.8165817301142155,-0.03074447945555665,86,True,12.040000000000001,30,92620030
9,100,13,0.13,0.63,-0.8259688281970305,-0.03074447945555665,87,True,11.31,30,92620030
10,100,26,0.26,0.65,-0.2974042585388261,-0.03074447945555665,74,True,19.24,30,92620030
11,100,49,0.49,0.57,-0.02899093900212435,-0.03074447945555665,51,True,24.990000000000002,30,92620030
12,100,40,0.4,0.58,-0.2724629706253907,-0.03074447945555665,60,True,24.0,30,92620030
13,100,19,0.19,0.56,-0.6843929025988835,-0.03074447945555665,81,True,15.39,30,92620030
14,100,99,0.99,0.76,1.8382864247228952,-0.03074447945555665,1,True,0.9900000000000009,30,92620030
15,100,19,0.19,0.57,-0.8399046771054337,-0.03074447945555665,81,True,15.39,30,92620030
16,100,93,0.93,0.73,1.15395620257374,-0.03074447945555665,7,True,6.509999999999995,30,92620030
17,100,86,0.86,0.61,1.0275877629222432,-0.03074447945555665,14,True,12.040000000000001,30,92620030
18,100,17,0.17,0.55,-0.835745023991386,-0.03074447945555665,83,True,14.11,30,92620030
19,100,29,0.29,0.66,-0.44958120175625815,-0.03074447945555665,71,True,20.589999999999996,30,92620030
20,100,78,0.78,0.66,0.4504631315425893,-0.03074447945555665,22,True,17.159999999999997,30,92620030
21,100,22,0.22,0.56,-0.49436106150253245,-0.03074447945555665,78,True,17.16,30,92620030
22,100,32,0.32,0.64,-0.5484035446620048,-0.03074447945555665,68,True,21.759999999999998,30,92620030
23,100,17,0.17,0.57,-0.9266764106558883,-0.03074447945555665,83,True,14.11,30,92620030
